20:22:39.507 INFO  manager.ApplicationManager -- All tests runs in Chrome Browser
20:22:40.977 INFO  manager.ApplicationManager -- The link --->https://telranedu.web.app/home
20:22:41.000 INFO  manager.TestNGListener -- Start testing on date -->Thu Jun 11 20:22:40 IDT 2026
20:22:46.067 INFO  manager.ListenerWD -- Before find element-->By.cssSelector: a[href='/login']
20:22:46.120 INFO  manager.ListenerWD -- After find element-->By.cssSelector: a[href='/login']
20:22:46.131 INFO  manager.ListenerWD -- Location of element-->a
20:22:46.154 INFO  manager.ListenerWD -- Before click element -->atext-->LOGIN
20:22:46.235 INFO  manager.ListenerWD -- After click element -->a
20:22:46.235 INFO  manager.HelperBase -- open form by click on button with locator a[href='/login']
20:22:46.236 INFO  manager.ListenerWD -- Before find element-->By.name: email
20:22:46.270 INFO  manager.ListenerWD -- After find element-->By.name: email
20:22:46.278 INFO  manager.ListenerWD -- Location of element-->input
20:22:46.293 INFO  manager.ListenerWD -- Before click element -->inputtext-->
20:22:46.361 INFO  manager.ListenerWD -- After click element -->input
20:22:46.401 INFO  manager.ListenerWD -- sendKeyds-->
20:22:46.410 INFO  manager.ListenerWD -- sendKeyds_TagName-->input
20:22:46.464 INFO  manager.ListenerWD -- sendKeyds-->
20:22:46.470 INFO  manager.ListenerWD -- sendKeyds_TagName-->input
20:22:46.507 INFO  manager.ListenerWD -- sendKeyds-->
20:22:46.514 INFO  manager.ListenerWD -- sendKeyds_TagName-->input
20:22:46.550 INFO  manager.ListenerWD -- Before find element-->By.xpath: //input[@placeholder='Password']
20:22:46.581 INFO  manager.ListenerWD -- After find element-->By.xpath: //input[@placeholder='Password']
20:22:46.589 INFO  manager.ListenerWD -- Location of element-->input
20:22:46.609 INFO  manager.ListenerWD -- Before click element -->inputtext-->
20:22:46.676 INFO  manager.ListenerWD -- After click element -->input
20:22:46.703 INFO  manager.ListenerWD -- sendKeyds-->
20:22:46.709 INFO  manager.ListenerWD -- sendKeyds_TagName-->input
20:22:46.741 INFO  manager.ListenerWD -- sendKeyds-->
20:22:46.749 INFO  manager.ListenerWD -- sendKeyds_TagName-->input
20:22:46.779 INFO  manager.ListenerWD -- sendKeyds-->
20:22:46.785 INFO  manager.ListenerWD -- sendKeyds_TagName-->input
20:22:46.819 INFO  manager.ListenerWD -- Before find element-->By.xpath: //button[text()='Login']
20:22:46.842 INFO  manager.ListenerWD -- After find element-->By.xpath: //button[text()='Login']
20:22:46.848 INFO  manager.ListenerWD -- Location of element-->button
20:22:46.862 INFO  manager.ListenerWD -- Before click element -->buttontext-->Login
20:22:46.959 INFO  tests.TestBase -- Name of method (test) -->addNewContactSuccessAllFields
20:22:47.064 INFO  manager.TestNGListener -- Start test -->addNewContactSuccessAllFields
20:22:47.110 INFO  manager.ListenerWD -- Before find element-->By.cssSelector: a[href='/add']
20:22:47.938 INFO  manager.ListenerWD -- After find element-->By.cssSelector: a[href='/add']
20:22:47.943 INFO  manager.ListenerWD -- Location of element-->a
20:22:47.955 INFO  manager.ListenerWD -- Before click element -->atext-->ADD
20:22:48.007 INFO  manager.ListenerWD -- After click element -->a
20:22:48.007 INFO  manager.ListenerWD -- Before find element-->By.cssSelector: [placeholder='Name']
20:22:48.030 INFO  manager.ListenerWD -- After find element-->By.cssSelector: [placeholder='Name']
20:22:48.036 INFO  manager.ListenerWD -- Location of element-->input
20:22:48.048 INFO  manager.ListenerWD -- Before click element -->inputtext-->
20:22:48.096 INFO  manager.ListenerWD -- After click element -->input
20:22:48.119 INFO  manager.ListenerWD -- sendKeyds-->
20:22:48.125 INFO  manager.ListenerWD -- sendKeyds_TagName-->input
20:22:48.149 INFO  manager.ListenerWD -- sendKeyds-->
20:22:48.154 INFO  manager.ListenerWD -- sendKeyds_TagName-->input
20:22:48.179 INFO  manager.ListenerWD -- sendKeyds-->
20:22:48.185 INFO  manager.ListenerWD -- sendKeyds_TagName-->input
20:22:48.207 INFO  manager.ListenerWD -- Before find element-->By.cssSelector: [placeholder='Last Name']
20:22:48.229 INFO  manager.ListenerWD -- After find element-->By.cssSelector: [placeholder='Last Name']
20:22:48.235 INFO  manager.ListenerWD -- Location of element-->input
20:22:48.247 INFO  manager.ListenerWD -- Before click element -->inputtext-->
20:22:48.291 INFO  manager.ListenerWD -- After click element -->input
20:22:48.314 INFO  manager.ListenerWD -- sendKeyds-->
20:22:48.320 INFO  manager.ListenerWD -- sendKeyds_TagName-->input
20:22:48.347 INFO  manager.ListenerWD -- sendKeyds-->
20:22:48.351 INFO  manager.ListenerWD -- sendKeyds_TagName-->input
20:22:48.375 INFO  manager.ListenerWD -- sendKeyds-->
20:22:48.379 INFO  manager.ListenerWD -- sendKeyds_TagName-->input
20:22:48.401 INFO  manager.ListenerWD -- Before find element-->By.cssSelector: [placeholder='Phone']
20:22:48.424 INFO  manager.ListenerWD -- After find element-->By.cssSelector: [placeholder='Phone']
20:22:48.430 INFO  manager.ListenerWD -- Location of element-->input
20:22:48.443 INFO  manager.ListenerWD -- Before click element -->inputtext-->
20:22:48.487 INFO  manager.ListenerWD -- After click element -->input
20:22:48.510 INFO  manager.ListenerWD -- sendKeyds-->
20:22:48.515 INFO  manager.ListenerWD -- sendKeyds_TagName-->input
20:22:48.543 INFO  manager.ListenerWD -- sendKeyds-->
20:22:48.547 INFO  manager.ListenerWD -- sendKeyds_TagName-->input
20:22:48.575 INFO  manager.ListenerWD -- sendKeyds-->
20:22:48.579 INFO  manager.ListenerWD -- sendKeyds_TagName-->input
20:22:48.603 INFO  manager.ListenerWD -- Before find element-->By.cssSelector: [placeholder='email']
20:22:48.627 INFO  manager.ListenerWD -- After find element-->By.cssSelector: [placeholder='email']
20:22:48.632 INFO  manager.ListenerWD -- Location of element-->input
20:22:48.644 INFO  manager.ListenerWD -- Before click element -->inputtext-->
20:22:48.689 INFO  manager.ListenerWD -- After click element -->input
20:22:48.714 INFO  manager.ListenerWD -- sendKeyds-->
20:22:48.719 INFO  manager.ListenerWD -- sendKeyds_TagName-->input
20:22:48.746 INFO  manager.ListenerWD -- sendKeyds-->
20:22:48.753 INFO  manager.ListenerWD -- sendKeyds_TagName-->input
20:22:48.778 INFO  manager.ListenerWD -- sendKeyds-->
20:22:48.783 INFO  manager.ListenerWD -- sendKeyds_TagName-->input
20:22:48.808 INFO  manager.ListenerWD -- Before find element-->By.cssSelector: [placeholder='Address']
20:22:48.832 INFO  manager.ListenerWD -- After find element-->By.cssSelector: [placeholder='Address']
20:22:48.838 INFO  manager.ListenerWD -- Location of element-->input
20:22:48.850 INFO  manager.ListenerWD -- Before click element -->inputtext-->
20:22:48.901 INFO  manager.ListenerWD -- After click element -->input
20:22:48.926 INFO  manager.ListenerWD -- sendKeyds-->
20:22:48.930 INFO  manager.ListenerWD -- sendKeyds_TagName-->input
20:22:48.955 INFO  manager.ListenerWD -- sendKeyds-->
20:22:48.958 INFO  manager.ListenerWD -- sendKeyds_TagName-->input
20:22:48.986 INFO  manager.ListenerWD -- sendKeyds-->
20:22:48.990 INFO  manager.ListenerWD -- sendKeyds_TagName-->input
20:22:49.011 INFO  manager.ListenerWD -- Before find element-->By.cssSelector: [placeholder='description']
20:22:49.038 INFO  manager.ListenerWD -- After find element-->By.cssSelector: [placeholder='description']
20:22:49.046 INFO  manager.ListenerWD -- Location of element-->input
20:22:49.061 INFO  manager.ListenerWD -- Before click element -->inputtext-->
20:22:49.106 INFO  manager.ListenerWD -- After click element -->input
20:22:49.131 INFO  manager.ListenerWD -- sendKeyds-->
20:22:49.137 INFO  manager.ListenerWD -- sendKeyds_TagName-->input
20:22:49.160 INFO  manager.ListenerWD -- sendKeyds-->
20:22:49.166 INFO  manager.ListenerWD -- sendKeyds_TagName-->input
20:22:49.196 INFO  manager.ListenerWD -- sendKeyds-->
20:22:49.202 INFO  manager.ListenerWD -- sendKeyds_TagName-->input
20:22:49.474 INFO  manager.ListenerWD -- Before find element-->By.cssSelector: .add_form__2rsm2>button
20:22:49.501 INFO  manager.ListenerWD -- After find element-->By.cssSelector: .add_form__2rsm2>button
20:22:49.507 INFO  manager.ListenerWD -- Location of element-->button
20:22:49.518 INFO  manager.ListenerWD -- Before click element -->buttontext-->Save
20:22:49.562 INFO  manager.ListenerWD -- After click element -->button
20:22:50.633 INFO  manager.TestNGListener -- Success test -->addNewContactSuccessAllFields
20:22:50.635 INFO  tests.TestBase -- ==============================================
20:22:50.640 INFO  tests.TestBase -- Name of method (test) -->addNewContactSuccessAllFields
20:22:50.642 INFO  manager.TestNGListener -- Start test -->addNewContactSuccessAllFields
20:22:50.644 INFO  manager.ListenerWD -- Before find element-->By.cssSelector: a[href='/add']
20:22:50.659 INFO  manager.ListenerWD -- After find element-->By.cssSelector: a[href='/add']
20:22:50.665 INFO  manager.ListenerWD -- Location of element-->a
20:22:50.679 INFO  manager.ListenerWD -- Before click element -->atext-->ADD
20:22:50.726 INFO  manager.ListenerWD -- After click element -->a
20:22:50.726 INFO  manager.ListenerWD -- Before find element-->By.cssSelector: [placeholder='Name']
20:22:50.739 INFO  manager.ListenerWD -- After find element-->By.cssSelector: [placeholder='Name']
20:22:50.747 INFO  manager.ListenerWD -- Location of element-->input
20:22:50.759 INFO  manager.ListenerWD -- Before click element -->inputtext-->
20:22:50.806 INFO  manager.ListenerWD -- After click element -->input
20:22:50.828 INFO  manager.ListenerWD -- sendKeyds-->
20:22:50.833 INFO  manager.ListenerWD -- sendKeyds_TagName-->input
20:22:50.858 INFO  manager.ListenerWD -- sendKeyds-->
20:22:50.863 INFO  manager.ListenerWD -- sendKeyds_TagName-->input
20:22:50.889 INFO  manager.ListenerWD -- sendKeyds-->
20:22:50.894 INFO  manager.ListenerWD -- sendKeyds_TagName-->input
20:22:50.913 INFO  manager.ListenerWD -- Before find element-->By.cssSelector: [placeholder='Last Name']
20:22:50.927 INFO  manager.ListenerWD -- After find element-->By.cssSelector: [placeholder='Last Name']
20:22:50.931 INFO  manager.ListenerWD -- Location of element-->input
20:22:50.941 INFO  manager.ListenerWD -- Before click element -->inputtext-->
20:22:50.988 INFO  manager.ListenerWD -- After click element -->input
20:22:51.010 INFO  manager.ListenerWD -- sendKeyds-->
20:22:51.014 INFO  manager.ListenerWD -- sendKeyds_TagName-->input
20:22:51.039 INFO  manager.ListenerWD -- sendKeyds-->
20:22:51.043 INFO  manager.ListenerWD -- sendKeyds_TagName-->input
20:22:51.070 INFO  manager.ListenerWD -- sendKeyds-->
20:22:51.074 INFO  manager.ListenerWD -- sendKeyds_TagName-->input
20:22:51.094 INFO  manager.ListenerWD -- Before find element-->By.cssSelector: [placeholder='Phone']
20:22:51.108 INFO  manager.ListenerWD -- After find element-->By.cssSelector: [placeholder='Phone']
20:22:51.115 INFO  manager.ListenerWD -- Location of element-->input
20:22:51.126 INFO  manager.ListenerWD -- Before click element -->inputtext-->
20:22:51.184 INFO  manager.ListenerWD -- After click element -->input
20:22:51.216 INFO  manager.ListenerWD -- sendKeyds-->
20:22:51.223 INFO  manager.ListenerWD -- sendKeyds_TagName-->input
20:22:51.247 INFO  manager.ListenerWD -- sendKeyds-->
20:22:51.251 INFO  manager.ListenerWD -- sendKeyds_TagName-->input
20:22:51.278 INFO  manager.ListenerWD -- sendKeyds-->
20:22:51.286 INFO  manager.ListenerWD -- sendKeyds_TagName-->input
20:22:51.320 INFO  manager.ListenerWD -- Before find element-->By.cssSelector: [placeholder='email']
20:22:51.339 INFO  manager.ListenerWD -- After find element-->By.cssSelector: [placeholder='email']
20:22:51.345 INFO  manager.ListenerWD -- Location of element-->input
20:22:51.360 INFO  manager.ListenerWD -- Before click element -->inputtext-->
20:22:51.422 INFO  manager.ListenerWD -- After click element -->input
20:22:51.454 INFO  manager.ListenerWD -- sendKeyds-->
20:22:51.461 INFO  manager.ListenerWD -- sendKeyds_TagName-->input
20:22:51.494 INFO  manager.ListenerWD -- sendKeyds-->
20:22:51.500 INFO  manager.ListenerWD -- sendKeyds_TagName-->input
20:22:51.535 INFO  manager.ListenerWD -- sendKeyds-->
20:22:51.542 INFO  manager.ListenerWD -- sendKeyds_TagName-->input
20:22:51.578 INFO  manager.ListenerWD -- Before find element-->By.cssSelector: [placeholder='Address']
20:22:51.601 INFO  manager.ListenerWD -- After find element-->By.cssSelector: [placeholder='Address']
20:22:51.609 INFO  manager.ListenerWD -- Location of element-->input
20:22:51.627 INFO  manager.ListenerWD -- Before click element -->inputtext-->
20:22:51.689 INFO  manager.ListenerWD -- After click element -->input
20:22:51.720 INFO  manager.ListenerWD -- sendKeyds-->
20:22:51.725 INFO  manager.ListenerWD -- sendKeyds_TagName-->input
20:22:51.750 INFO  manager.ListenerWD -- sendKeyds-->
20:22:51.755 INFO  manager.ListenerWD -- sendKeyds_TagName-->input
20:22:51.782 INFO  manager.ListenerWD -- sendKeyds-->
20:22:51.788 INFO  manager.ListenerWD -- sendKeyds_TagName-->input
20:22:51.811 INFO  manager.ListenerWD -- Before find element-->By.cssSelector: [placeholder='description']
20:22:51.827 INFO  manager.ListenerWD -- After find element-->By.cssSelector: [placeholder='description']
20:22:51.832 INFO  manager.ListenerWD -- Location of element-->input
20:22:51.844 INFO  manager.ListenerWD -- Before click element -->inputtext-->
20:22:51.892 INFO  manager.ListenerWD -- After click element -->input
20:22:51.916 INFO  manager.ListenerWD -- sendKeyds-->
20:22:51.921 INFO  manager.ListenerWD -- sendKeyds_TagName-->input
20:22:51.948 INFO  manager.ListenerWD -- sendKeyds-->
20:22:51.954 INFO  manager.ListenerWD -- sendKeyds_TagName-->input
20:22:52.181 INFO  manager.ListenerWD -- Before find element-->By.cssSelector: .add_form__2rsm2>button
20:22:52.197 INFO  manager.ListenerWD -- After find element-->By.cssSelector: .add_form__2rsm2>button
20:22:52.204 INFO  manager.ListenerWD -- Location of element-->button
20:22:52.215 INFO  manager.ListenerWD -- Before click element -->buttontext-->Save
20:22:52.253 INFO  manager.ListenerWD -- After click element -->button
20:22:53.180 INFO  manager.TestNGListener -- Success test -->addNewContactSuccessAllFields
20:22:53.181 INFO  tests.TestBase -- ==============================================
20:22:53.188 INFO  tests.TestBase -- Name of method (test) -->addNewContactSuccessAllFieldsCSV
20:22:53.190 INFO  manager.TestNGListener -- Start test -->addNewContactSuccessAllFieldsCSV
20:22:53.192 INFO  manager.ListenerWD -- Before find element-->By.cssSelector: a[href='/add']
20:22:53.208 INFO  manager.ListenerWD -- After find element-->By.cssSelector: a[href='/add']
20:22:53.212 INFO  manager.ListenerWD -- Location of element-->a
20:22:53.224 INFO  manager.ListenerWD -- Before click element -->atext-->ADD
20:22:53.270 INFO  manager.ListenerWD -- After click element -->a
20:22:53.272 INFO  manager.ListenerWD -- Before find element-->By.cssSelector: [placeholder='Name']
20:22:53.288 INFO  manager.ListenerWD -- After find element-->By.cssSelector: [placeholder='Name']
20:22:53.292 INFO  manager.ListenerWD -- Location of element-->input
20:22:53.304 INFO  manager.ListenerWD -- Before click element -->inputtext-->
20:22:53.349 INFO  manager.ListenerWD -- After click element -->input
20:22:53.374 INFO  manager.ListenerWD -- sendKeyds-->
20:22:53.378 INFO  manager.ListenerWD -- sendKeyds_TagName-->input
20:22:53.408 INFO  manager.ListenerWD -- sendKeyds-->
20:22:53.412 INFO  manager.ListenerWD -- sendKeyds_TagName-->input
20:22:53.438 INFO  manager.ListenerWD -- sendKeyds-->
20:22:53.441 INFO  manager.ListenerWD -- sendKeyds_TagName-->input
20:22:53.464 INFO  manager.ListenerWD -- Before find element-->By.cssSelector: [placeholder='Last Name']
20:22:53.482 INFO  manager.ListenerWD -- After find element-->By.cssSelector: [placeholder='Last Name']
20:22:53.488 INFO  manager.ListenerWD -- Location of element-->input
20:22:53.499 INFO  manager.ListenerWD -- Before click element -->inputtext-->
20:22:53.543 INFO  manager.ListenerWD -- After click element -->input
20:22:53.566 INFO  manager.ListenerWD -- sendKeyds-->
20:22:53.571 INFO  manager.ListenerWD -- sendKeyds_TagName-->input
20:22:53.598 INFO  manager.ListenerWD -- sendKeyds-->
20:22:53.605 INFO  manager.ListenerWD -- sendKeyds_TagName-->input
20:22:53.629 INFO  manager.ListenerWD -- sendKeyds-->
20:22:53.635 INFO  manager.ListenerWD -- sendKeyds_TagName-->input
20:22:53.657 INFO  manager.ListenerWD -- Before find element-->By.cssSelector: [placeholder='Phone']
20:22:53.674 INFO  manager.ListenerWD -- After find element-->By.cssSelector: [placeholder='Phone']
20:22:53.679 INFO  manager.ListenerWD -- Location of element-->input
20:22:53.691 INFO  manager.ListenerWD -- Before click element -->inputtext-->
20:22:53.740 INFO  manager.ListenerWD -- After click element -->input
20:22:53.766 INFO  manager.ListenerWD -- sendKeyds-->
20:22:53.771 INFO  manager.ListenerWD -- sendKeyds_TagName-->input
20:22:53.798 INFO  manager.ListenerWD -- sendKeyds-->
20:22:53.805 INFO  manager.ListenerWD -- sendKeyds_TagName-->input
20:22:53.828 INFO  manager.ListenerWD -- sendKeyds-->
20:22:53.834 INFO  manager.ListenerWD -- sendKeyds_TagName-->input
20:22:53.860 INFO  manager.ListenerWD -- Before find element-->By.cssSelector: [placeholder='email']
20:22:53.880 INFO  manager.ListenerWD -- After find element-->By.cssSelector: [placeholder='email']
20:22:53.886 INFO  manager.ListenerWD -- Location of element-->input
20:22:53.898 INFO  manager.ListenerWD -- Before click element -->inputtext-->
20:22:53.946 INFO  manager.ListenerWD -- After click element -->input
20:22:53.969 INFO  manager.ListenerWD -- sendKeyds-->
20:22:53.975 INFO  manager.ListenerWD -- sendKeyds_TagName-->input
20:22:54.001 INFO  manager.ListenerWD -- sendKeyds-->
20:22:54.006 INFO  manager.ListenerWD -- sendKeyds_TagName-->input
20:22:54.037 INFO  manager.ListenerWD -- sendKeyds-->
20:22:54.045 INFO  manager.ListenerWD -- sendKeyds_TagName-->input
20:22:54.088 INFO  manager.ListenerWD -- Before find element-->By.cssSelector: [placeholder='Address']
20:22:54.111 INFO  manager.ListenerWD -- After find element-->By.cssSelector: [placeholder='Address']
20:22:54.121 INFO  manager.ListenerWD -- Location of element-->input
20:22:54.142 INFO  manager.ListenerWD -- Before click element -->inputtext-->
20:22:54.200 INFO  manager.ListenerWD -- After click element -->input
20:22:54.232 INFO  manager.ListenerWD -- sendKeyds-->
20:22:54.238 INFO  manager.ListenerWD -- sendKeyds_TagName-->input
20:22:54.265 INFO  manager.ListenerWD -- sendKeyds-->
20:22:54.270 INFO  manager.ListenerWD -- sendKeyds_TagName-->input
20:22:54.298 INFO  manager.ListenerWD -- sendKeyds-->
20:22:54.304 INFO  manager.ListenerWD -- sendKeyds_TagName-->input
20:22:54.326 INFO  manager.ListenerWD -- Before find element-->By.cssSelector: [placeholder='description']
20:22:54.344 INFO  manager.ListenerWD -- After find element-->By.cssSelector: [placeholder='description']
20:22:54.350 INFO  manager.ListenerWD -- Location of element-->input
20:22:54.366 INFO  manager.ListenerWD -- Before click element -->inputtext-->
20:22:54.498 INFO  manager.ListenerWD -- After click element -->input
20:22:54.535 INFO  manager.ListenerWD -- sendKeyds-->
20:22:54.541 INFO  manager.ListenerWD -- sendKeyds_TagName-->input
20:22:54.577 INFO  manager.ListenerWD -- sendKeyds-->
20:22:54.584 INFO  manager.ListenerWD -- sendKeyds_TagName-->input
20:22:54.615 INFO  manager.ListenerWD -- sendKeyds-->
20:22:54.621 INFO  manager.ListenerWD -- sendKeyds_TagName-->input
20:22:54.829 INFO  manager.ListenerWD -- Before find element-->By.cssSelector: .add_form__2rsm2>button
20:22:54.845 INFO  manager.ListenerWD -- After find element-->By.cssSelector: .add_form__2rsm2>button
20:22:54.850 INFO  manager.ListenerWD -- Location of element-->button
20:22:54.864 INFO  manager.ListenerWD -- Before click element -->buttontext-->Save
20:22:54.906 INFO  manager.ListenerWD -- After click element -->button
20:22:55.929 INFO  manager.TestNGListener -- Success test -->addNewContactSuccessAllFieldsCSV
20:22:55.930 INFO  tests.TestBase -- ==============================================
20:22:55.932 INFO  tests.TestBase -- Name of method (test) -->addNewContactSuccessAllFieldsCSV
20:22:55.934 INFO  manager.TestNGListener -- Start test -->addNewContactSuccessAllFieldsCSV
20:22:55.936 INFO  manager.ListenerWD -- Before find element-->By.cssSelector: a[href='/add']
20:22:55.951 INFO  manager.ListenerWD -- After find element-->By.cssSelector: a[href='/add']
20:22:55.957 INFO  manager.ListenerWD -- Location of element-->a
20:22:55.971 INFO  manager.ListenerWD -- Before click element -->atext-->ADD
20:22:56.017 INFO  manager.ListenerWD -- After click element -->a
20:22:56.017 INFO  manager.ListenerWD -- Before find element-->By.cssSelector: [placeholder='Name']
20:22:56.033 INFO  manager.ListenerWD -- After find element-->By.cssSelector: [placeholder='Name']
20:22:56.037 INFO  manager.ListenerWD -- Location of element-->input
20:22:56.047 INFO  manager.ListenerWD -- Before click element -->inputtext-->
20:22:56.095 INFO  manager.ListenerWD -- After click element -->input
20:22:56.117 INFO  manager.ListenerWD -- sendKeyds-->
20:22:56.122 INFO  manager.ListenerWD -- sendKeyds_TagName-->input
20:22:56.146 INFO  manager.ListenerWD -- sendKeyds-->
20:22:56.150 INFO  manager.ListenerWD -- sendKeyds_TagName-->input
20:22:56.175 INFO  manager.ListenerWD -- sendKeyds-->
20:22:56.179 INFO  manager.ListenerWD -- sendKeyds_TagName-->input
20:22:56.204 INFO  manager.ListenerWD -- Before find element-->By.cssSelector: [placeholder='Last Name']
20:22:56.219 INFO  manager.ListenerWD -- After find element-->By.cssSelector: [placeholder='Last Name']
20:22:56.225 INFO  manager.ListenerWD -- Location of element-->input
20:22:56.235 INFO  manager.ListenerWD -- Before click element -->inputtext-->
20:22:56.282 INFO  manager.ListenerWD -- After click element -->input
20:22:56.306 INFO  manager.ListenerWD -- sendKeyds-->
20:22:56.311 INFO  manager.ListenerWD -- sendKeyds_TagName-->input
20:22:56.338 INFO  manager.ListenerWD -- sendKeyds-->
20:22:56.341 INFO  manager.ListenerWD -- sendKeyds_TagName-->input
20:22:56.364 INFO  manager.ListenerWD -- sendKeyds-->
20:22:56.369 INFO  manager.ListenerWD -- sendKeyds_TagName-->input
20:22:56.389 INFO  manager.ListenerWD -- Before find element-->By.cssSelector: [placeholder='Phone']
20:22:56.406 INFO  manager.ListenerWD -- After find element-->By.cssSelector: [placeholder='Phone']
20:22:56.410 INFO  manager.ListenerWD -- Location of element-->input
20:22:56.422 INFO  manager.ListenerWD -- Before click element -->inputtext-->
20:22:56.464 INFO  manager.ListenerWD -- After click element -->input
20:22:56.488 INFO  manager.ListenerWD -- sendKeyds-->
20:22:56.491 INFO  manager.ListenerWD -- sendKeyds_TagName-->input
20:22:56.518 INFO  manager.ListenerWD -- sendKeyds-->
20:22:56.523 INFO  manager.ListenerWD -- sendKeyds_TagName-->input
20:22:56.545 INFO  manager.ListenerWD -- sendKeyds-->
20:22:56.552 INFO  manager.ListenerWD -- sendKeyds_TagName-->input
20:22:56.576 INFO  manager.ListenerWD -- Before find element-->By.cssSelector: [placeholder='email']
20:22:56.590 INFO  manager.ListenerWD -- After find element-->By.cssSelector: [placeholder='email']
20:22:56.595 INFO  manager.ListenerWD -- Location of element-->input
20:22:56.606 INFO  manager.ListenerWD -- Before click element -->inputtext-->
20:22:56.654 INFO  manager.ListenerWD -- After click element -->input
20:22:56.678 INFO  manager.ListenerWD -- sendKeyds-->
20:22:56.683 INFO  manager.ListenerWD -- sendKeyds_TagName-->input
20:22:56.709 INFO  manager.ListenerWD -- sendKeyds-->
20:22:56.713 INFO  manager.ListenerWD -- sendKeyds_TagName-->input
20:22:56.739 INFO  manager.ListenerWD -- sendKeyds-->
20:22:56.743 INFO  manager.ListenerWD -- sendKeyds_TagName-->input
20:22:56.767 INFO  manager.ListenerWD -- Before find element-->By.cssSelector: [placeholder='Address']
20:22:56.787 INFO  manager.ListenerWD -- After find element-->By.cssSelector: [placeholder='Address']
20:22:56.792 INFO  manager.ListenerWD -- Location of element-->input
20:22:56.803 INFO  manager.ListenerWD -- Before click element -->inputtext-->
20:22:56.851 INFO  manager.ListenerWD -- After click element -->input
20:22:56.875 INFO  manager.ListenerWD -- sendKeyds-->
20:22:56.879 INFO  manager.ListenerWD -- sendKeyds_TagName-->input
20:22:56.902 INFO  manager.ListenerWD -- sendKeyds-->
20:22:56.907 INFO  manager.ListenerWD -- sendKeyds_TagName-->input
20:22:56.930 INFO  manager.ListenerWD -- sendKeyds-->
20:22:56.935 INFO  manager.ListenerWD -- sendKeyds_TagName-->input
20:22:56.952 INFO  manager.ListenerWD -- Before find element-->By.cssSelector: [placeholder='description']
20:22:56.965 INFO  manager.ListenerWD -- After find element-->By.cssSelector: [placeholder='description']
20:22:56.970 INFO  manager.ListenerWD -- Location of element-->input
20:22:56.979 INFO  manager.ListenerWD -- Before click element -->inputtext-->
20:22:57.020 INFO  manager.ListenerWD -- After click element -->input
20:22:57.046 INFO  manager.ListenerWD -- sendKeyds-->
20:22:57.050 INFO  manager.ListenerWD -- sendKeyds_TagName-->input
20:22:57.074 INFO  manager.ListenerWD -- sendKeyds-->
20:22:57.078 INFO  manager.ListenerWD -- sendKeyds_TagName-->input
20:22:57.102 INFO  manager.ListenerWD -- sendKeyds-->
20:22:57.107 INFO  manager.ListenerWD -- sendKeyds_TagName-->input
20:22:57.311 INFO  manager.ListenerWD -- Before find element-->By.cssSelector: .add_form__2rsm2>button
20:22:57.329 INFO  manager.ListenerWD -- After find element-->By.cssSelector: .add_form__2rsm2>button
20:22:57.335 INFO  manager.ListenerWD -- Location of element-->button
20:22:57.344 INFO  manager.ListenerWD -- Before click element -->buttontext-->Save
20:22:57.385 INFO  manager.ListenerWD -- After click element -->button
20:22:58.320 INFO  manager.TestNGListener -- Success test -->addNewContactSuccessAllFieldsCSV
20:22:58.320 INFO  tests.TestBase -- ==============================================
20:22:58.321 INFO  tests.TestBase -- Name of method (test) -->addNewContactSuccessAllFieldsCSV
20:22:58.325 INFO  manager.TestNGListener -- Start test -->addNewContactSuccessAllFieldsCSV
20:22:58.327 INFO  manager.ListenerWD -- Before find element-->By.cssSelector: a[href='/add']
20:22:58.342 INFO  manager.ListenerWD -- After find element-->By.cssSelector: a[href='/add']
20:22:58.347 INFO  manager.ListenerWD -- Location of element-->a
20:22:58.357 INFO  manager.ListenerWD -- Before click element -->atext-->ADD
20:22:58.402 INFO  manager.ListenerWD -- After click element -->a
20:22:58.402 INFO  manager.ListenerWD -- Before find element-->By.cssSelector: [placeholder='Name']
20:22:58.417 INFO  manager.ListenerWD -- After find element-->By.cssSelector: [placeholder='Name']
20:22:58.422 INFO  manager.ListenerWD -- Location of element-->input
20:22:58.431 INFO  manager.ListenerWD -- Before click element -->inputtext-->
20:22:58.476 INFO  manager.ListenerWD -- After click element -->input
20:22:58.496 INFO  manager.ListenerWD -- sendKeyds-->
20:22:58.500 INFO  manager.ListenerWD -- sendKeyds_TagName-->input
20:22:58.528 INFO  manager.ListenerWD -- sendKeyds-->
20:22:58.531 INFO  manager.ListenerWD -- sendKeyds_TagName-->input
20:22:58.556 INFO  manager.ListenerWD -- sendKeyds-->
20:22:58.559 INFO  manager.ListenerWD -- sendKeyds_TagName-->input
20:22:58.577 INFO  manager.ListenerWD -- Before find element-->By.cssSelector: [placeholder='Last Name']
20:22:58.591 INFO  manager.ListenerWD -- After find element-->By.cssSelector: [placeholder='Last Name']
20:22:58.596 INFO  manager.ListenerWD -- Location of element-->input
20:22:58.608 INFO  manager.ListenerWD -- Before click element -->inputtext-->
20:22:58.650 INFO  manager.ListenerWD -- After click element -->input
20:22:58.677 INFO  manager.ListenerWD -- sendKeyds-->
20:22:58.681 INFO  manager.ListenerWD -- sendKeyds_TagName-->input
20:22:58.713 INFO  manager.ListenerWD -- sendKeyds-->
20:22:58.717 INFO  manager.ListenerWD -- sendKeyds_TagName-->input
20:22:58.746 INFO  manager.ListenerWD -- sendKeyds-->
20:22:58.749 INFO  manager.ListenerWD -- sendKeyds_TagName-->input
20:22:58.772 INFO  manager.ListenerWD -- Before find element-->By.cssSelector: [placeholder='Phone']
20:22:58.786 INFO  manager.ListenerWD -- After find element-->By.cssSelector: [placeholder='Phone']
20:22:58.790 INFO  manager.ListenerWD -- Location of element-->input
20:22:58.801 INFO  manager.ListenerWD -- Before click element -->inputtext-->
20:22:58.841 INFO  manager.ListenerWD -- After click element -->input
20:22:58.866 INFO  manager.ListenerWD -- sendKeyds-->
20:22:58.872 INFO  manager.ListenerWD -- sendKeyds_TagName-->input
20:22:58.898 INFO  manager.ListenerWD -- sendKeyds-->
20:22:58.904 INFO  manager.ListenerWD -- sendKeyds_TagName-->input
20:22:58.927 INFO  manager.ListenerWD -- sendKeyds-->
20:22:58.930 INFO  manager.ListenerWD -- sendKeyds_TagName-->input
20:22:58.952 INFO  manager.ListenerWD -- Before find element-->By.cssSelector: [placeholder='email']
20:22:58.966 INFO  manager.ListenerWD -- After find element-->By.cssSelector: [placeholder='email']
20:22:58.970 INFO  manager.ListenerWD -- Location of element-->input
20:22:58.980 INFO  manager.ListenerWD -- Before click element -->inputtext-->
20:22:59.020 INFO  manager.ListenerWD -- After click element -->input
20:22:59.043 INFO  manager.ListenerWD -- sendKeyds-->
20:22:59.046 INFO  manager.ListenerWD -- sendKeyds_TagName-->input
20:22:59.071 INFO  manager.ListenerWD -- sendKeyds-->
20:22:59.075 INFO  manager.ListenerWD -- sendKeyds_TagName-->input
20:22:59.103 INFO  manager.ListenerWD -- sendKeyds-->
20:22:59.107 INFO  manager.ListenerWD -- sendKeyds_TagName-->input
20:22:59.133 INFO  manager.ListenerWD -- Before find element-->By.cssSelector: [placeholder='Address']
20:22:59.145 INFO  manager.ListenerWD -- After find element-->By.cssSelector: [placeholder='Address']
20:22:59.151 INFO  manager.ListenerWD -- Location of element-->input
20:22:59.160 INFO  manager.ListenerWD -- Before click element -->inputtext-->
20:22:59.200 INFO  manager.ListenerWD -- After click element -->input
20:22:59.223 INFO  manager.ListenerWD -- sendKeyds-->
20:22:59.227 INFO  manager.ListenerWD -- sendKeyds_TagName-->input
20:22:59.250 INFO  manager.ListenerWD -- sendKeyds-->
20:22:59.255 INFO  manager.ListenerWD -- sendKeyds_TagName-->input
20:22:59.278 INFO  manager.ListenerWD -- sendKeyds-->
20:22:59.288 INFO  manager.ListenerWD -- sendKeyds_TagName-->input
20:22:59.311 INFO  manager.ListenerWD -- Before find element-->By.cssSelector: [placeholder='description']
20:22:59.325 INFO  manager.ListenerWD -- After find element-->By.cssSelector: [placeholder='description']
20:22:59.329 INFO  manager.ListenerWD -- Location of element-->input
20:22:59.341 INFO  manager.ListenerWD -- Before click element -->inputtext-->
20:22:59.395 INFO  manager.ListenerWD -- After click element -->input
20:22:59.425 INFO  manager.ListenerWD -- sendKeyds-->
20:22:59.430 INFO  manager.ListenerWD -- sendKeyds_TagName-->input
20:22:59.460 INFO  manager.ListenerWD -- sendKeyds-->
20:22:59.466 INFO  manager.ListenerWD -- sendKeyds_TagName-->input
20:22:59.498 INFO  manager.ListenerWD -- sendKeyds-->
20:22:59.503 INFO  manager.ListenerWD -- sendKeyds_TagName-->input
20:22:59.716 INFO  manager.ListenerWD -- Before find element-->By.cssSelector: .add_form__2rsm2>button
20:22:59.734 INFO  manager.ListenerWD -- After find element-->By.cssSelector: .add_form__2rsm2>button
20:22:59.740 INFO  manager.ListenerWD -- Location of element-->button
20:22:59.750 INFO  manager.ListenerWD -- Before click element -->buttontext-->Save
20:22:59.789 INFO  manager.ListenerWD -- After click element -->button
20:23:00.741 INFO  manager.TestNGListener -- Success test -->addNewContactSuccessAllFieldsCSV
20:23:00.742 INFO  tests.TestBase -- ==============================================
20:23:00.747 INFO  tests.TestBase -- Name of method (test) -->addNewContactSuccessRequiredFields
20:23:00.748 INFO  manager.TestNGListener -- Start test -->addNewContactSuccessRequiredFields
20:23:00.749 INFO  manager.ListenerWD -- Before find element-->By.cssSelector: a[href='/add']
20:23:00.765 INFO  manager.ListenerWD -- After find element-->By.cssSelector: a[href='/add']
20:23:00.772 INFO  manager.ListenerWD -- Location of element-->a
20:23:00.782 INFO  manager.ListenerWD -- Before click element -->atext-->ADD
20:23:00.834 INFO  manager.ListenerWD -- After click element -->a
20:23:00.834 INFO  manager.ListenerWD -- Before find element-->By.cssSelector: [placeholder='Name']
20:23:00.849 INFO  manager.ListenerWD -- After find element-->By.cssSelector: [placeholder='Name']
20:23:00.855 INFO  manager.ListenerWD -- Location of element-->input
20:23:00.865 INFO  manager.ListenerWD -- Before click element -->inputtext-->
20:23:00.912 INFO  manager.ListenerWD -- After click element -->input
20:23:00.937 INFO  manager.ListenerWD -- sendKeyds-->
20:23:00.944 INFO  manager.ListenerWD -- sendKeyds_TagName-->input
20:23:00.971 INFO  manager.ListenerWD -- sendKeyds-->
20:23:00.975 INFO  manager.ListenerWD -- sendKeyds_TagName-->input
20:23:01.005 INFO  manager.ListenerWD -- sendKeyds-->
20:23:01.009 INFO  manager.ListenerWD -- sendKeyds_TagName-->input
20:23:01.037 INFO  manager.ListenerWD -- Before find element-->By.cssSelector: [placeholder='Last Name']
20:23:01.049 INFO  manager.ListenerWD -- After find element-->By.cssSelector: [placeholder='Last Name']
20:23:01.055 INFO  manager.ListenerWD -- Location of element-->input
20:23:01.063 INFO  manager.ListenerWD -- Before click element -->inputtext-->
20:23:01.102 INFO  manager.ListenerWD -- After click element -->input
20:23:01.129 INFO  manager.ListenerWD -- sendKeyds-->
20:23:01.133 INFO  manager.ListenerWD -- sendKeyds_TagName-->input
20:23:01.157 INFO  manager.ListenerWD -- sendKeyds-->
20:23:01.160 INFO  manager.ListenerWD -- sendKeyds_TagName-->input
20:23:01.187 INFO  manager.ListenerWD -- sendKeyds-->
20:23:01.190 INFO  manager.ListenerWD -- sendKeyds_TagName-->input
20:23:01.210 INFO  manager.ListenerWD -- Before find element-->By.cssSelector: [placeholder='Phone']
20:23:01.221 INFO  manager.ListenerWD -- After find element-->By.cssSelector: [placeholder='Phone']
20:23:01.225 INFO  manager.ListenerWD -- Location of element-->input
20:23:01.234 INFO  manager.ListenerWD -- Before click element -->inputtext-->
20:23:01.277 INFO  manager.ListenerWD -- After click element -->input
20:23:01.299 INFO  manager.ListenerWD -- sendKeyds-->
20:23:01.305 INFO  manager.ListenerWD -- sendKeyds_TagName-->input
20:23:01.334 INFO  manager.ListenerWD -- sendKeyds-->
20:23:01.339 INFO  manager.ListenerWD -- sendKeyds_TagName-->input
20:23:01.371 INFO  manager.ListenerWD -- sendKeyds-->
20:23:01.375 INFO  manager.ListenerWD -- sendKeyds_TagName-->input
20:23:01.401 INFO  manager.ListenerWD -- Before find element-->By.cssSelector: [placeholder='email']
20:23:01.415 INFO  manager.ListenerWD -- After find element-->By.cssSelector: [placeholder='email']
20:23:01.420 INFO  manager.ListenerWD -- Location of element-->input
20:23:01.431 INFO  manager.ListenerWD -- Before click element -->inputtext-->
20:23:01.478 INFO  manager.ListenerWD -- After click element -->input
20:23:01.504 INFO  manager.ListenerWD -- sendKeyds-->
20:23:01.508 INFO  manager.ListenerWD -- sendKeyds_TagName-->input
20:23:01.536 INFO  manager.ListenerWD -- sendKeyds-->
20:23:01.539 INFO  manager.ListenerWD -- sendKeyds_TagName-->input
20:23:01.564 INFO  manager.ListenerWD -- sendKeyds-->
20:23:01.569 INFO  manager.ListenerWD -- sendKeyds_TagName-->input
20:23:01.596 INFO  manager.ListenerWD -- Before find element-->By.cssSelector: [placeholder='Address']
20:23:01.608 INFO  manager.ListenerWD -- After find element-->By.cssSelector: [placeholder='Address']
20:23:01.612 INFO  manager.ListenerWD -- Location of element-->input
20:23:01.628 INFO  manager.ListenerWD -- Before click element -->inputtext-->
20:23:01.673 INFO  manager.ListenerWD -- After click element -->input
20:23:01.696 INFO  manager.ListenerWD -- sendKeyds-->
20:23:01.700 INFO  manager.ListenerWD -- sendKeyds_TagName-->input
20:23:01.725 INFO  manager.ListenerWD -- sendKeyds-->
20:23:01.728 INFO  manager.ListenerWD -- sendKeyds_TagName-->input
20:23:01.754 INFO  manager.ListenerWD -- sendKeyds-->
20:23:01.758 INFO  manager.ListenerWD -- sendKeyds_TagName-->input
20:23:01.780 INFO  manager.ListenerWD -- Before find element-->By.cssSelector: [placeholder='description']
20:23:01.797 INFO  manager.ListenerWD -- After find element-->By.cssSelector: [placeholder='description']
20:23:01.802 INFO  manager.ListenerWD -- Location of element-->input
20:23:01.811 INFO  manager.ListenerWD -- Before click element -->inputtext-->
20:23:01.854 INFO  manager.ListenerWD -- After click element -->input
20:23:01.876 INFO  manager.ListenerWD -- sendKeyds-->
20:23:01.880 INFO  manager.ListenerWD -- sendKeyds_TagName-->input
20:23:01.904 INFO  manager.ListenerWD -- sendKeyds-->
20:23:01.908 INFO  manager.ListenerWD -- sendKeyds_TagName-->input
20:23:01.926 INFO  manager.ListenerWD -- Before find element-->By.cssSelector: .add_form__2rsm2>button
20:23:01.941 INFO  manager.ListenerWD -- After find element-->By.cssSelector: .add_form__2rsm2>button
20:23:01.945 INFO  manager.ListenerWD -- Location of element-->button
20:23:01.957 INFO  manager.ListenerWD -- Before click element -->buttontext-->Save
20:23:01.998 INFO  manager.ListenerWD -- After click element -->button
20:23:02.882 INFO  manager.TestNGListener -- Success test -->addNewContactSuccessRequiredFields
20:23:02.882 INFO  tests.TestBase -- ==============================================
20:23:02.887 INFO  tests.TestBase -- Name of method (test) -->addNewContactWrongAddress
20:23:02.889 INFO  manager.TestNGListener -- Start test -->addNewContactWrongAddress
20:23:02.890 INFO  manager.ListenerWD -- Before find element-->By.cssSelector: a[href='/add']
20:23:02.903 INFO  manager.ListenerWD -- After find element-->By.cssSelector: a[href='/add']
20:23:02.907 INFO  manager.ListenerWD -- Location of element-->a
20:23:02.917 INFO  manager.ListenerWD -- Before click element -->atext-->ADD
20:23:02.962 INFO  manager.ListenerWD -- After click element -->a
20:23:02.962 INFO  manager.ListenerWD -- Before find element-->By.cssSelector: [placeholder='Name']
20:23:02.978 INFO  manager.ListenerWD -- After find element-->By.cssSelector: [placeholder='Name']
20:23:02.982 INFO  manager.ListenerWD -- Location of element-->input
20:23:02.995 INFO  manager.ListenerWD -- Before click element -->inputtext-->
20:23:03.044 INFO  manager.ListenerWD -- After click element -->input
20:23:03.068 INFO  manager.ListenerWD -- sendKeyds-->
20:23:03.072 INFO  manager.ListenerWD -- sendKeyds_TagName-->input
20:23:03.096 INFO  manager.ListenerWD -- sendKeyds-->
20:23:03.100 INFO  manager.ListenerWD -- sendKeyds_TagName-->input
20:23:03.128 INFO  manager.ListenerWD -- sendKeyds-->
20:23:03.133 INFO  manager.ListenerWD -- sendKeyds_TagName-->input
20:23:03.153 INFO  manager.ListenerWD -- Before find element-->By.cssSelector: [placeholder='Last Name']
20:23:03.169 INFO  manager.ListenerWD -- After find element-->By.cssSelector: [placeholder='Last Name']
20:23:03.173 INFO  manager.ListenerWD -- Location of element-->input
20:23:03.181 INFO  manager.ListenerWD -- Before click element -->inputtext-->
20:23:03.223 INFO  manager.ListenerWD -- After click element -->input
20:23:03.246 INFO  manager.ListenerWD -- sendKeyds-->
20:23:03.251 INFO  manager.ListenerWD -- sendKeyds_TagName-->input
20:23:03.275 INFO  manager.ListenerWD -- sendKeyds-->
20:23:03.278 INFO  manager.ListenerWD -- sendKeyds_TagName-->input
20:23:03.302 INFO  manager.ListenerWD -- sendKeyds-->
20:23:03.305 INFO  manager.ListenerWD -- sendKeyds_TagName-->input
20:23:03.326 INFO  manager.ListenerWD -- Before find element-->By.cssSelector: [placeholder='Phone']
20:23:03.340 INFO  manager.ListenerWD -- After find element-->By.cssSelector: [placeholder='Phone']
20:23:03.345 INFO  manager.ListenerWD -- Location of element-->input
20:23:03.354 INFO  manager.ListenerWD -- Before click element -->inputtext-->
20:23:03.396 INFO  manager.ListenerWD -- After click element -->input
20:23:03.418 INFO  manager.ListenerWD -- sendKeyds-->
20:23:03.423 INFO  manager.ListenerWD -- sendKeyds_TagName-->input
20:23:03.450 INFO  manager.ListenerWD -- sendKeyds-->
20:23:03.454 INFO  manager.ListenerWD -- sendKeyds_TagName-->input
20:23:03.479 INFO  manager.ListenerWD -- sendKeyds-->
20:23:03.485 INFO  manager.ListenerWD -- sendKeyds_TagName-->input
20:23:03.507 INFO  manager.ListenerWD -- Before find element-->By.cssSelector: [placeholder='email']
20:23:03.520 INFO  manager.ListenerWD -- After find element-->By.cssSelector: [placeholder='email']
20:23:03.523 INFO  manager.ListenerWD -- Location of element-->input
20:23:03.532 INFO  manager.ListenerWD -- Before click element -->inputtext-->
20:23:03.572 INFO  manager.ListenerWD -- After click element -->input
20:23:03.596 INFO  manager.ListenerWD -- sendKeyds-->
20:23:03.601 INFO  manager.ListenerWD -- sendKeyds_TagName-->input
20:23:03.626 INFO  manager.ListenerWD -- sendKeyds-->
20:23:03.629 INFO  manager.ListenerWD -- sendKeyds_TagName-->input
20:23:03.650 INFO  manager.ListenerWD -- sendKeyds-->
20:23:03.655 INFO  manager.ListenerWD -- sendKeyds_TagName-->input
20:23:03.678 INFO  manager.ListenerWD -- Before find element-->By.cssSelector: [placeholder='Address']
20:23:03.692 INFO  manager.ListenerWD -- After find element-->By.cssSelector: [placeholder='Address']
20:23:03.695 INFO  manager.ListenerWD -- Location of element-->input
20:23:03.706 INFO  manager.ListenerWD -- Before click element -->inputtext-->
20:23:03.746 INFO  manager.ListenerWD -- After click element -->input
20:23:03.770 INFO  manager.ListenerWD -- sendKeyds-->
20:23:03.773 INFO  manager.ListenerWD -- sendKeyds_TagName-->input
20:23:03.797 INFO  manager.ListenerWD -- sendKeyds-->
20:23:03.800 INFO  manager.ListenerWD -- sendKeyds_TagName-->input
20:23:03.823 INFO  manager.ListenerWD -- sendKeyds-->
20:23:03.827 INFO  manager.ListenerWD -- sendKeyds_TagName-->input
20:23:03.841 INFO  manager.ListenerWD -- Before find element-->By.cssSelector: [placeholder='description']
20:23:03.855 INFO  manager.ListenerWD -- After find element-->By.cssSelector: [placeholder='description']
20:23:03.859 INFO  manager.ListenerWD -- Location of element-->input
20:23:03.869 INFO  manager.ListenerWD -- Before click element -->inputtext-->
20:23:03.910 INFO  manager.ListenerWD -- After click element -->input
20:23:03.929 INFO  manager.ListenerWD -- sendKeyds-->
20:23:03.933 INFO  manager.ListenerWD -- sendKeyds_TagName-->input
20:23:03.955 INFO  manager.ListenerWD -- sendKeyds-->
20:23:03.958 INFO  manager.ListenerWD -- sendKeyds_TagName-->input
20:23:03.983 INFO  manager.ListenerWD -- sendKeyds-->
20:23:03.987 INFO  manager.ListenerWD -- sendKeyds_TagName-->input
20:23:04.009 INFO  manager.ListenerWD -- Before find element-->By.cssSelector: .add_form__2rsm2>button
20:23:04.030 INFO  manager.ListenerWD -- After find element-->By.cssSelector: .add_form__2rsm2>button
20:23:04.034 INFO  manager.ListenerWD -- Location of element-->button
20:23:04.042 INFO  manager.ListenerWD -- Before click element -->buttontext-->Save
20:23:04.084 INFO  manager.ListenerWD -- After click element -->button
20:23:04.101 INFO  manager.TestNGListener -- Success test -->addNewContactWrongAddress
20:23:04.102 INFO  tests.TestBase -- ==============================================
20:23:04.106 INFO  tests.TestBase -- Name of method (test) -->addNewContactWrongEmail
20:23:04.107 INFO  manager.TestNGListener -- Start test -->addNewContactWrongEmail
20:23:04.109 INFO  manager.ListenerWD -- Before find element-->By.cssSelector: a[href='/add']
20:23:04.123 INFO  manager.ListenerWD -- After find element-->By.cssSelector: a[href='/add']
20:23:04.128 INFO  manager.ListenerWD -- Location of element-->a
20:23:04.138 INFO  manager.ListenerWD -- Before click element -->atext-->ADD
20:23:04.185 INFO  manager.ListenerWD -- After click element -->a
20:23:04.186 INFO  manager.ListenerWD -- Before find element-->By.cssSelector: [placeholder='Name']
20:23:04.199 INFO  manager.ListenerWD -- After find element-->By.cssSelector: [placeholder='Name']
20:23:04.204 INFO  manager.ListenerWD -- Location of element-->input
20:23:04.213 INFO  manager.ListenerWD -- Before click element -->inputtext-->
20:23:04.262 INFO  manager.ListenerWD -- After click element -->input
20:23:04.287 INFO  manager.ListenerWD -- sendKeyds-->
20:23:04.290 INFO  manager.ListenerWD -- sendKeyds_TagName-->input
20:23:04.329 INFO  manager.ListenerWD -- sendKeyds-->
20:23:04.332 INFO  manager.ListenerWD -- sendKeyds_TagName-->input
20:23:04.359 INFO  manager.ListenerWD -- sendKeyds-->
20:23:04.364 INFO  manager.ListenerWD -- sendKeyds_TagName-->input
20:23:04.387 INFO  manager.ListenerWD -- Before find element-->By.cssSelector: [placeholder='Last Name']
20:23:04.402 INFO  manager.ListenerWD -- After find element-->By.cssSelector: [placeholder='Last Name']
20:23:04.406 INFO  manager.ListenerWD -- Location of element-->input
20:23:04.417 INFO  manager.ListenerWD -- Before click element -->inputtext-->
20:23:04.472 INFO  manager.ListenerWD -- After click element -->input
20:23:04.500 INFO  manager.ListenerWD -- sendKeyds-->
20:23:04.506 INFO  manager.ListenerWD -- sendKeyds_TagName-->input
20:23:04.547 INFO  manager.ListenerWD -- sendKeyds-->
20:23:04.550 INFO  manager.ListenerWD -- sendKeyds_TagName-->input
20:23:04.573 INFO  manager.ListenerWD -- sendKeyds-->
20:23:04.577 INFO  manager.ListenerWD -- sendKeyds_TagName-->input
20:23:04.596 INFO  manager.ListenerWD -- Before find element-->By.cssSelector: [placeholder='Phone']
20:23:04.610 INFO  manager.ListenerWD -- After find element-->By.cssSelector: [placeholder='Phone']
20:23:04.616 INFO  manager.ListenerWD -- Location of element-->input
20:23:04.626 INFO  manager.ListenerWD -- Before click element -->inputtext-->
20:23:04.670 INFO  manager.ListenerWD -- After click element -->input
20:23:04.694 INFO  manager.ListenerWD -- sendKeyds-->
20:23:04.698 INFO  manager.ListenerWD -- sendKeyds_TagName-->input
20:23:04.740 INFO  manager.ListenerWD -- sendKeyds-->
20:23:04.744 INFO  manager.ListenerWD -- sendKeyds_TagName-->input
20:23:04.769 INFO  manager.ListenerWD -- sendKeyds-->
20:23:04.773 INFO  manager.ListenerWD -- sendKeyds_TagName-->input
20:23:04.797 INFO  manager.ListenerWD -- Before find element-->By.cssSelector: [placeholder='email']
20:23:04.812 INFO  manager.ListenerWD -- After find element-->By.cssSelector: [placeholder='email']
20:23:04.816 INFO  manager.ListenerWD -- Location of element-->input
20:23:04.827 INFO  manager.ListenerWD -- Before click element -->inputtext-->
20:23:04.873 INFO  manager.ListenerWD -- After click element -->input
20:23:04.898 INFO  manager.ListenerWD -- sendKeyds-->
20:23:04.905 INFO  manager.ListenerWD -- sendKeyds_TagName-->input
20:23:04.941 INFO  manager.ListenerWD -- sendKeyds-->
20:23:04.945 INFO  manager.ListenerWD -- sendKeyds_TagName-->input
20:23:04.972 INFO  manager.ListenerWD -- sendKeyds-->
20:23:04.976 INFO  manager.ListenerWD -- sendKeyds_TagName-->input
20:23:04.999 INFO  manager.ListenerWD -- Before find element-->By.cssSelector: [placeholder='Address']
20:23:05.012 INFO  manager.ListenerWD -- After find element-->By.cssSelector: [placeholder='Address']
20:23:05.017 INFO  manager.ListenerWD -- Location of element-->input
20:23:05.030 INFO  manager.ListenerWD -- Before click element -->inputtext-->
20:23:05.071 INFO  manager.ListenerWD -- After click element -->input
20:23:05.094 INFO  manager.ListenerWD -- sendKeyds-->
20:23:05.097 INFO  manager.ListenerWD -- sendKeyds_TagName-->input
20:23:05.123 INFO  manager.ListenerWD -- sendKeyds-->
20:23:05.127 INFO  manager.ListenerWD -- sendKeyds_TagName-->input
20:23:05.148 INFO  manager.ListenerWD -- sendKeyds-->
20:23:05.153 INFO  manager.ListenerWD -- sendKeyds_TagName-->input
20:23:05.174 INFO  manager.ListenerWD -- Before find element-->By.cssSelector: [placeholder='description']
20:23:05.188 INFO  manager.ListenerWD -- After find element-->By.cssSelector: [placeholder='description']
20:23:05.193 INFO  manager.ListenerWD -- Location of element-->input
20:23:05.202 INFO  manager.ListenerWD -- Before click element -->inputtext-->
20:23:05.242 INFO  manager.ListenerWD -- After click element -->input
20:23:05.269 INFO  manager.ListenerWD -- sendKeyds-->
20:23:05.274 INFO  manager.ListenerWD -- sendKeyds_TagName-->input
20:23:05.313 INFO  manager.ListenerWD -- sendKeyds-->
20:23:05.317 INFO  manager.ListenerWD -- sendKeyds_TagName-->input
20:23:05.343 INFO  manager.ListenerWD -- sendKeyds-->
20:23:05.346 INFO  manager.ListenerWD -- sendKeyds_TagName-->input
20:23:05.369 INFO  manager.ListenerWD -- Before find element-->By.cssSelector: .add_form__2rsm2>button
20:23:05.382 INFO  manager.ListenerWD -- After find element-->By.cssSelector: .add_form__2rsm2>button
20:23:05.386 INFO  manager.ListenerWD -- Location of element-->button
20:23:05.396 INFO  manager.ListenerWD -- Before click element -->buttontext-->Save
20:23:05.434 INFO  manager.ListenerWD -- After click element -->button
20:23:05.466 INFO  manager.ListenerWD -- Huston, we have a problem!
20:23:05.466 INFO  manager.ListenerWD -- Failed method:alert
20:23:05.466 INFO  manager.ListenerWD -- ***************
20:23:05.466 INFO  manager.ListenerWD -- Arguments:null
20:23:05.466 INFO  manager.ListenerWD -- ***************
20:23:05.466 INFO  manager.ListenerWD -- Exception:NoAlertPresentException
20:23:05.466 INFO  manager.ListenerWD -- ***************
20:23:05.466 INFO  manager.ListenerWD -- Messageno such alert
  (Session info: chrome=149.0.7827.103)
Build info: version: '4.26.0', revision: '8ccf0219d7'
System info: os.name: 'Windows 11', os.arch: 'amd64', os.version: '10.0', java.version: '21.0.10'
Driver info: org.openqa.selenium.chrome.ChromeDriver
Command: [0c1ff582a5c691b5a0e1b0fc61062f0d, getAlertText {}]
Capabilities {acceptInsecureCerts: false, browserName: chrome, browserVersion: 149.0.7827.103, chrome: {chromedriverVersion: 149.0.7827.55 (3188f8a607ae..., userDataDir: C:\Users\marii\AppData\Loca...}, fedcm:accounts: true, goog:chromeOptions: {debuggerAddress: localhost:52106}, goog:processID: 15716, networkConnectionEnabled: false, pageLoadStrategy: normal, platformName: windows, proxy: Proxy(), se:cdp: ws://localhost:52106/devtoo..., se:cdpVersion: 149.0.7827.103, setWindowRect: true, strictFileInteractability: false, timeouts: {implicit: 0, pageLoad: 300000, script: 30000}, unhandledPromptBehavior: dismiss and notify, webauthn:extension:credBlob: true, webauthn:extension:largeBlob: true, webauthn:extension:minPinLength: true, webauthn:extension:prf: true, webauthn:virtualAuthenticators: true}
Session ID: 0c1ff582a5c691b5a0e1b0fc61062f0d
20:23:05.466 INFO  manager.ListenerWD -- ***************
20:23:05.466 INFO  manager.ListenerWD -- ***************
20:23:05.466 INFO  manager.ListenerWD -- Screen with error is--->src/test/screenshots/screen_1025.png
20:23:05.997 INFO  manager.TestNGListener -- Success test -->addNewContactWrongEmail
20:23:05.998 INFO  tests.TestBase -- ==============================================
20:23:06.000 INFO  tests.TestBase -- Name of method (test) -->addNewContactWrongLastName
20:23:06.002 INFO  manager.TestNGListener -- Start test -->addNewContactWrongLastName
20:23:06.004 INFO  manager.ListenerWD -- Before find element-->By.cssSelector: a[href='/add']
20:23:06.017 INFO  manager.ListenerWD -- After find element-->By.cssSelector: a[href='/add']
20:23:06.022 INFO  manager.ListenerWD -- Location of element-->a
20:23:06.033 INFO  manager.ListenerWD -- Before click element -->atext-->ADD
20:23:06.074 INFO  manager.ListenerWD -- After click element -->a
20:23:06.075 INFO  manager.ListenerWD -- Before find element-->By.cssSelector: [placeholder='Name']
20:23:06.089 INFO  manager.ListenerWD -- After find element-->By.cssSelector: [placeholder='Name']
20:23:06.092 INFO  manager.ListenerWD -- Location of element-->input
20:23:06.105 INFO  manager.ListenerWD -- Before click element -->inputtext-->
20:23:06.147 INFO  manager.ListenerWD -- After click element -->input
20:23:06.171 INFO  manager.ListenerWD -- sendKeyds-->
20:23:06.177 INFO  manager.ListenerWD -- sendKeyds_TagName-->input
20:23:06.221 INFO  manager.ListenerWD -- sendKeyds-->
20:23:06.226 INFO  manager.ListenerWD -- sendKeyds_TagName-->input
20:23:06.252 INFO  manager.ListenerWD -- sendKeyds-->
20:23:06.256 INFO  manager.ListenerWD -- sendKeyds_TagName-->input
20:23:06.275 INFO  manager.ListenerWD -- Before find element-->By.cssSelector: [placeholder='Last Name']
20:23:06.289 INFO  manager.ListenerWD -- After find element-->By.cssSelector: [placeholder='Last Name']
20:23:06.294 INFO  manager.ListenerWD -- Location of element-->input
20:23:06.303 INFO  manager.ListenerWD -- Before click element -->inputtext-->
20:23:06.343 INFO  manager.ListenerWD -- After click element -->input
20:23:06.368 INFO  manager.ListenerWD -- sendKeyds-->
20:23:06.371 INFO  manager.ListenerWD -- sendKeyds_TagName-->input
20:23:06.415 INFO  manager.ListenerWD -- sendKeyds-->
20:23:06.419 INFO  manager.ListenerWD -- sendKeyds_TagName-->input
20:23:06.443 INFO  manager.ListenerWD -- sendKeyds-->
20:23:06.447 INFO  manager.ListenerWD -- sendKeyds_TagName-->input
20:23:06.461 INFO  manager.ListenerWD -- Before find element-->By.cssSelector: [placeholder='Phone']
20:23:06.474 INFO  manager.ListenerWD -- After find element-->By.cssSelector: [placeholder='Phone']
20:23:06.479 INFO  manager.ListenerWD -- Location of element-->input
20:23:06.490 INFO  manager.ListenerWD -- Before click element -->inputtext-->
20:23:06.535 INFO  manager.ListenerWD -- After click element -->input
20:23:06.558 INFO  manager.ListenerWD -- sendKeyds-->
20:23:06.561 INFO  manager.ListenerWD -- sendKeyds_TagName-->input
20:23:06.600 INFO  manager.ListenerWD -- sendKeyds-->
20:23:06.606 INFO  manager.ListenerWD -- sendKeyds_TagName-->input
20:23:06.632 INFO  manager.ListenerWD -- sendKeyds-->
20:23:06.636 INFO  manager.ListenerWD -- sendKeyds_TagName-->input
20:23:06.658 INFO  manager.ListenerWD -- Before find element-->By.cssSelector: [placeholder='email']
20:23:06.672 INFO  manager.ListenerWD -- After find element-->By.cssSelector: [placeholder='email']
20:23:06.678 INFO  manager.ListenerWD -- Location of element-->input
20:23:06.687 INFO  manager.ListenerWD -- Before click element -->inputtext-->
20:23:06.729 INFO  manager.ListenerWD -- After click element -->input
20:23:06.754 INFO  manager.ListenerWD -- sendKeyds-->
20:23:06.758 INFO  manager.ListenerWD -- sendKeyds_TagName-->input
20:23:06.797 INFO  manager.ListenerWD -- sendKeyds-->
20:23:06.803 INFO  manager.ListenerWD -- sendKeyds_TagName-->input
20:23:06.826 INFO  manager.ListenerWD -- sendKeyds-->
20:23:06.830 INFO  manager.ListenerWD -- sendKeyds_TagName-->input
20:23:06.859 INFO  manager.ListenerWD -- Before find element-->By.cssSelector: [placeholder='Address']
20:23:06.873 INFO  manager.ListenerWD -- After find element-->By.cssSelector: [placeholder='Address']
20:23:06.878 INFO  manager.ListenerWD -- Location of element-->input
20:23:06.888 INFO  manager.ListenerWD -- Before click element -->inputtext-->
20:23:06.931 INFO  manager.ListenerWD -- After click element -->input
20:23:06.957 INFO  manager.ListenerWD -- sendKeyds-->
20:23:06.961 INFO  manager.ListenerWD -- sendKeyds_TagName-->input
20:23:07.000 INFO  manager.ListenerWD -- sendKeyds-->
20:23:07.005 INFO  manager.ListenerWD -- sendKeyds_TagName-->input
20:23:07.030 INFO  manager.ListenerWD -- sendKeyds-->
20:23:07.034 INFO  manager.ListenerWD -- sendKeyds_TagName-->input
20:23:07.054 INFO  manager.ListenerWD -- Before find element-->By.cssSelector: [placeholder='description']
20:23:07.069 INFO  manager.ListenerWD -- After find element-->By.cssSelector: [placeholder='description']
20:23:07.073 INFO  manager.ListenerWD -- Location of element-->input
20:23:07.082 INFO  manager.ListenerWD -- Before click element -->inputtext-->
20:23:07.125 INFO  manager.ListenerWD -- After click element -->input
20:23:07.149 INFO  manager.ListenerWD -- sendKeyds-->
20:23:07.154 INFO  manager.ListenerWD -- sendKeyds_TagName-->input
20:23:07.196 INFO  manager.ListenerWD -- sendKeyds-->
20:23:07.202 INFO  manager.ListenerWD -- sendKeyds_TagName-->input
20:23:07.226 INFO  manager.ListenerWD -- sendKeyds-->
20:23:07.230 INFO  manager.ListenerWD -- sendKeyds_TagName-->input
20:23:07.255 INFO  manager.ListenerWD -- Before find element-->By.cssSelector: .add_form__2rsm2>button
20:23:07.268 INFO  manager.ListenerWD -- After find element-->By.cssSelector: .add_form__2rsm2>button
20:23:07.273 INFO  manager.ListenerWD -- Location of element-->button
20:23:07.285 INFO  manager.ListenerWD -- Before click element -->buttontext-->Save
20:23:07.322 INFO  manager.ListenerWD -- After click element -->button
20:23:07.338 INFO  manager.TestNGListener -- Success test -->addNewContactWrongLastName
20:23:07.339 INFO  tests.TestBase -- ==============================================
20:23:07.341 INFO  tests.TestBase -- Name of method (test) -->addNewContactWrongName
20:23:07.342 INFO  manager.TestNGListener -- Start test -->addNewContactWrongName
20:23:07.344 INFO  manager.ListenerWD -- Before find element-->By.cssSelector: a[href='/add']
20:23:07.357 INFO  manager.ListenerWD -- After find element-->By.cssSelector: a[href='/add']
20:23:07.362 INFO  manager.ListenerWD -- Location of element-->a
20:23:07.372 INFO  manager.ListenerWD -- Before click element -->atext-->ADD
20:23:07.416 INFO  manager.ListenerWD -- After click element -->a
20:23:07.417 INFO  manager.ListenerWD -- Before find element-->By.cssSelector: [placeholder='Name']
20:23:07.430 INFO  manager.ListenerWD -- After find element-->By.cssSelector: [placeholder='Name']
20:23:07.434 INFO  manager.ListenerWD -- Location of element-->input
20:23:07.445 INFO  manager.ListenerWD -- Before click element -->inputtext-->
20:23:07.498 INFO  manager.ListenerWD -- After click element -->input
20:23:07.524 INFO  manager.ListenerWD -- sendKeyds-->
20:23:07.528 INFO  manager.ListenerWD -- sendKeyds_TagName-->input
20:23:07.570 INFO  manager.ListenerWD -- sendKeyds-->
20:23:07.573 INFO  manager.ListenerWD -- sendKeyds_TagName-->input
20:23:07.597 INFO  manager.ListenerWD -- sendKeyds-->
20:23:07.600 INFO  manager.ListenerWD -- sendKeyds_TagName-->input
20:23:07.616 INFO  manager.ListenerWD -- Before find element-->By.cssSelector: [placeholder='Last Name']
20:23:07.629 INFO  manager.ListenerWD -- After find element-->By.cssSelector: [placeholder='Last Name']
20:23:07.635 INFO  manager.ListenerWD -- Location of element-->input
20:23:07.646 INFO  manager.ListenerWD -- Before click element -->inputtext-->
20:23:07.696 INFO  manager.ListenerWD -- After click element -->input
20:23:07.721 INFO  manager.ListenerWD -- sendKeyds-->
20:23:07.725 INFO  manager.ListenerWD -- sendKeyds_TagName-->input
20:23:07.754 INFO  manager.ListenerWD -- sendKeyds-->
20:23:07.758 INFO  manager.ListenerWD -- sendKeyds_TagName-->input
20:23:07.781 INFO  manager.ListenerWD -- sendKeyds-->
20:23:07.787 INFO  manager.ListenerWD -- sendKeyds_TagName-->input
20:23:07.807 INFO  manager.ListenerWD -- Before find element-->By.cssSelector: [placeholder='Phone']
20:23:07.819 INFO  manager.ListenerWD -- After find element-->By.cssSelector: [placeholder='Phone']
20:23:07.823 INFO  manager.ListenerWD -- Location of element-->input
20:23:07.832 INFO  manager.ListenerWD -- Before click element -->inputtext-->
20:23:07.873 INFO  manager.ListenerWD -- After click element -->input
20:23:07.897 INFO  manager.ListenerWD -- sendKeyds-->
20:23:07.902 INFO  manager.ListenerWD -- sendKeyds_TagName-->input
20:23:07.943 INFO  manager.ListenerWD -- sendKeyds-->
20:23:07.947 INFO  manager.ListenerWD -- sendKeyds_TagName-->input
20:23:07.972 INFO  manager.ListenerWD -- sendKeyds-->
20:23:07.976 INFO  manager.ListenerWD -- sendKeyds_TagName-->input
20:23:07.998 INFO  manager.ListenerWD -- Before find element-->By.cssSelector: [placeholder='email']
20:23:08.010 INFO  manager.ListenerWD -- After find element-->By.cssSelector: [placeholder='email']
20:23:08.015 INFO  manager.ListenerWD -- Location of element-->input
20:23:08.025 INFO  manager.ListenerWD -- Before click element -->inputtext-->
20:23:08.069 INFO  manager.ListenerWD -- After click element -->input
20:23:08.094 INFO  manager.ListenerWD -- sendKeyds-->
20:23:08.098 INFO  manager.ListenerWD -- sendKeyds_TagName-->input
20:23:08.141 INFO  manager.ListenerWD -- sendKeyds-->
20:23:08.146 INFO  manager.ListenerWD -- sendKeyds_TagName-->input
20:23:08.170 INFO  manager.ListenerWD -- sendKeyds-->
20:23:08.174 INFO  manager.ListenerWD -- sendKeyds_TagName-->input
20:23:08.198 INFO  manager.ListenerWD -- Before find element-->By.cssSelector: [placeholder='Address']
20:23:08.212 INFO  manager.ListenerWD -- After find element-->By.cssSelector: [placeholder='Address']
20:23:08.217 INFO  manager.ListenerWD -- Location of element-->input
20:23:08.227 INFO  manager.ListenerWD -- Before click element -->inputtext-->
20:23:08.268 INFO  manager.ListenerWD -- After click element -->input
20:23:08.290 INFO  manager.ListenerWD -- sendKeyds-->
20:23:08.295 INFO  manager.ListenerWD -- sendKeyds_TagName-->input
20:23:08.336 INFO  manager.ListenerWD -- sendKeyds-->
20:23:08.340 INFO  manager.ListenerWD -- sendKeyds_TagName-->input
20:23:08.366 INFO  manager.ListenerWD -- sendKeyds-->
20:23:08.370 INFO  manager.ListenerWD -- sendKeyds_TagName-->input
20:23:08.390 INFO  manager.ListenerWD -- Before find element-->By.cssSelector: [placeholder='description']
20:23:08.405 INFO  manager.ListenerWD -- After find element-->By.cssSelector: [placeholder='description']
20:23:08.409 INFO  manager.ListenerWD -- Location of element-->input
20:23:08.418 INFO  manager.ListenerWD -- Before click element -->inputtext-->
20:23:08.457 INFO  manager.ListenerWD -- After click element -->input
20:23:08.480 INFO  manager.ListenerWD -- sendKeyds-->
20:23:08.484 INFO  manager.ListenerWD -- sendKeyds_TagName-->input
20:23:08.521 INFO  manager.ListenerWD -- sendKeyds-->
20:23:08.525 INFO  manager.ListenerWD -- sendKeyds_TagName-->input
20:23:08.548 INFO  manager.ListenerWD -- sendKeyds-->
20:23:08.553 INFO  manager.ListenerWD -- sendKeyds_TagName-->input
20:23:08.579 INFO  manager.ListenerWD -- Before find element-->By.cssSelector: .add_form__2rsm2>button
20:23:08.594 INFO  manager.ListenerWD -- After find element-->By.cssSelector: .add_form__2rsm2>button
20:23:08.599 INFO  manager.ListenerWD -- Location of element-->button
20:23:08.609 INFO  manager.ListenerWD -- Before click element -->buttontext-->Save
20:23:08.647 INFO  manager.ListenerWD -- After click element -->button
20:23:08.662 INFO  manager.TestNGListener -- Success test -->addNewContactWrongName
20:23:08.663 INFO  tests.TestBase -- ==============================================
20:23:08.667 INFO  tests.TestBase -- Name of method (test) -->addNewContactWrongPhone
20:23:08.669 INFO  manager.TestNGListener -- Start test -->addNewContactWrongPhone
20:23:08.670 INFO  manager.ListenerWD -- Before find element-->By.cssSelector: a[href='/add']
20:23:08.682 INFO  manager.ListenerWD -- After find element-->By.cssSelector: a[href='/add']
20:23:08.687 INFO  manager.ListenerWD -- Location of element-->a
20:23:08.696 INFO  manager.ListenerWD -- Before click element -->atext-->ADD
20:23:08.738 INFO  manager.ListenerWD -- After click element -->a
20:23:08.738 INFO  manager.ListenerWD -- Before find element-->By.cssSelector: [placeholder='Name']
20:23:08.755 INFO  manager.ListenerWD -- After find element-->By.cssSelector: [placeholder='Name']
20:23:08.759 INFO  manager.ListenerWD -- Location of element-->input
20:23:08.770 INFO  manager.ListenerWD -- Before click element -->inputtext-->
20:23:08.816 INFO  manager.ListenerWD -- After click element -->input
20:23:08.840 INFO  manager.ListenerWD -- sendKeyds-->
20:23:08.842 INFO  manager.ListenerWD -- sendKeyds_TagName-->input
20:23:08.873 INFO  manager.ListenerWD -- sendKeyds-->
20:23:08.878 INFO  manager.ListenerWD -- sendKeyds_TagName-->input
20:23:08.915 INFO  manager.ListenerWD -- sendKeyds-->
20:23:08.919 INFO  manager.ListenerWD -- sendKeyds_TagName-->input
20:23:08.939 INFO  manager.ListenerWD -- Before find element-->By.cssSelector: [placeholder='Last Name']
20:23:08.953 INFO  manager.ListenerWD -- After find element-->By.cssSelector: [placeholder='Last Name']
20:23:08.957 INFO  manager.ListenerWD -- Location of element-->input
20:23:08.966 INFO  manager.ListenerWD -- Before click element -->inputtext-->
20:23:09.008 INFO  manager.ListenerWD -- After click element -->input
20:23:09.035 INFO  manager.ListenerWD -- sendKeyds-->
20:23:09.038 INFO  manager.ListenerWD -- sendKeyds_TagName-->input
20:23:09.099 INFO  manager.ListenerWD -- sendKeyds-->
20:23:09.105 INFO  manager.ListenerWD -- sendKeyds_TagName-->input
20:23:09.135 INFO  manager.ListenerWD -- sendKeyds-->
20:23:09.140 INFO  manager.ListenerWD -- sendKeyds_TagName-->input
20:23:09.163 INFO  manager.ListenerWD -- Before find element-->By.cssSelector: [placeholder='Phone']
20:23:09.176 INFO  manager.ListenerWD -- After find element-->By.cssSelector: [placeholder='Phone']
20:23:09.181 INFO  manager.ListenerWD -- Location of element-->input
20:23:09.191 INFO  manager.ListenerWD -- Before click element -->inputtext-->
20:23:09.237 INFO  manager.ListenerWD -- After click element -->input
20:23:09.260 INFO  manager.ListenerWD -- sendKeyds-->
20:23:09.264 INFO  manager.ListenerWD -- sendKeyds_TagName-->input
20:23:09.306 INFO  manager.ListenerWD -- sendKeyds-->
20:23:09.310 INFO  manager.ListenerWD -- sendKeyds_TagName-->input
20:23:09.334 INFO  manager.ListenerWD -- sendKeyds-->
20:23:09.337 INFO  manager.ListenerWD -- sendKeyds_TagName-->input
20:23:09.360 INFO  manager.ListenerWD -- Before find element-->By.cssSelector: [placeholder='email']
20:23:09.377 INFO  manager.ListenerWD -- After find element-->By.cssSelector: [placeholder='email']
20:23:09.399 INFO  manager.ListenerWD -- Location of element-->input
20:23:09.421 INFO  manager.ListenerWD -- Before click element -->inputtext-->
20:23:09.510 INFO  manager.ListenerWD -- After click element -->input
20:23:09.544 INFO  manager.ListenerWD -- sendKeyds-->
20:23:09.549 INFO  manager.ListenerWD -- sendKeyds_TagName-->input
20:23:09.603 INFO  manager.ListenerWD -- sendKeyds-->
20:23:09.608 INFO  manager.ListenerWD -- sendKeyds_TagName-->input
20:23:09.635 INFO  manager.ListenerWD -- sendKeyds-->
20:23:09.640 INFO  manager.ListenerWD -- sendKeyds_TagName-->input
20:23:09.666 INFO  manager.ListenerWD -- Before find element-->By.cssSelector: [placeholder='Address']
20:23:09.681 INFO  manager.ListenerWD -- After find element-->By.cssSelector: [placeholder='Address']
20:23:09.686 INFO  manager.ListenerWD -- Location of element-->input
20:23:09.696 INFO  manager.ListenerWD -- Before click element -->inputtext-->
20:23:09.744 INFO  manager.ListenerWD -- After click element -->input
20:23:09.771 INFO  manager.ListenerWD -- sendKeyds-->
20:23:09.776 INFO  manager.ListenerWD -- sendKeyds_TagName-->input
20:23:09.815 INFO  manager.ListenerWD -- sendKeyds-->
20:23:09.820 INFO  manager.ListenerWD -- sendKeyds_TagName-->input
20:23:09.842 INFO  manager.ListenerWD -- sendKeyds-->
20:23:09.846 INFO  manager.ListenerWD -- sendKeyds_TagName-->input
20:23:09.867 INFO  manager.ListenerWD -- Before find element-->By.cssSelector: [placeholder='description']
20:23:09.880 INFO  manager.ListenerWD -- After find element-->By.cssSelector: [placeholder='description']
20:23:09.885 INFO  manager.ListenerWD -- Location of element-->input
20:23:09.894 INFO  manager.ListenerWD -- Before click element -->inputtext-->
20:23:09.938 INFO  manager.ListenerWD -- After click element -->input
20:23:09.960 INFO  manager.ListenerWD -- sendKeyds-->
20:23:09.965 INFO  manager.ListenerWD -- sendKeyds_TagName-->input
20:23:10.006 INFO  manager.ListenerWD -- sendKeyds-->
20:23:10.009 INFO  manager.ListenerWD -- sendKeyds_TagName-->input
20:23:10.036 INFO  manager.ListenerWD -- sendKeyds-->
20:23:10.040 INFO  manager.ListenerWD -- sendKeyds_TagName-->input
20:23:10.059 INFO  manager.ListenerWD -- Before find element-->By.cssSelector: .add_form__2rsm2>button
20:23:10.075 INFO  manager.ListenerWD -- After find element-->By.cssSelector: .add_form__2rsm2>button
20:23:10.079 INFO  manager.ListenerWD -- Location of element-->button
20:23:10.088 INFO  manager.ListenerWD -- Before click element -->buttontext-->Save
20:23:10.130 INFO  manager.ListenerWD -- After click element -->button
20:23:10.154 INFO  manager.ListenerWD -- Huston, we have a problem!
20:23:10.154 INFO  manager.ListenerWD -- Failed method:alert
20:23:10.154 INFO  manager.ListenerWD -- ***************
20:23:10.154 INFO  manager.ListenerWD -- Arguments:null
20:23:10.154 INFO  manager.ListenerWD -- ***************
20:23:10.154 INFO  manager.ListenerWD -- Exception:NoAlertPresentException
20:23:10.154 INFO  manager.ListenerWD -- ***************
20:23:10.154 INFO  manager.ListenerWD -- Messageno such alert
  (Session info: chrome=149.0.7827.103)
Build info: version: '4.26.0', revision: '8ccf0219d7'
System info: os.name: 'Windows 11', os.arch: 'amd64', os.version: '10.0', java.version: '21.0.10'
Driver info: org.openqa.selenium.chrome.ChromeDriver
Command: [0c1ff582a5c691b5a0e1b0fc61062f0d, getAlertText {}]
Capabilities {acceptInsecureCerts: false, browserName: chrome, browserVersion: 149.0.7827.103, chrome: {chromedriverVersion: 149.0.7827.55 (3188f8a607ae..., userDataDir: C:\Users\marii\AppData\Loca...}, fedcm:accounts: true, goog:chromeOptions: {debuggerAddress: localhost:52106}, goog:processID: 15716, networkConnectionEnabled: false, pageLoadStrategy: normal, platformName: windows, proxy: Proxy(), se:cdp: ws://localhost:52106/devtoo..., se:cdpVersion: 149.0.7827.103, setWindowRect: true, strictFileInteractability: false, timeouts: {implicit: 0, pageLoad: 300000, script: 30000}, unhandledPromptBehavior: dismiss and notify, webauthn:extension:credBlob: true, webauthn:extension:largeBlob: true, webauthn:extension:minPinLength: true, webauthn:extension:prf: true, webauthn:virtualAuthenticators: true}
Session ID: 0c1ff582a5c691b5a0e1b0fc61062f0d
20:23:10.154 INFO  manager.ListenerWD -- ***************
20:23:10.154 INFO  manager.ListenerWD -- ***************
20:23:10.154 INFO  manager.ListenerWD -- Screen with error is--->src/test/screenshots/screen_1214.png
20:23:10.685 INFO  manager.TestNGListener -- Success test -->addNewContactWrongPhone
20:23:10.686 INFO  tests.TestBase -- ==============================================
20:23:10.687 INFO  tests.TestBase -- Name of method (test) -->addNewContactWrongPhone
20:23:10.689 INFO  manager.TestNGListener -- Start test -->addNewContactWrongPhone
20:23:10.691 INFO  manager.ListenerWD -- Before find element-->By.cssSelector: a[href='/add']
20:23:10.706 INFO  manager.ListenerWD -- After find element-->By.cssSelector: a[href='/add']
20:23:10.710 INFO  manager.ListenerWD -- Location of element-->a
20:23:10.722 INFO  manager.ListenerWD -- Before click element -->atext-->ADD
20:23:10.768 INFO  manager.ListenerWD -- After click element -->a
20:23:10.769 INFO  manager.ListenerWD -- Before find element-->By.cssSelector: [placeholder='Name']
20:23:10.786 INFO  manager.ListenerWD -- After find element-->By.cssSelector: [placeholder='Name']
20:23:10.790 INFO  manager.ListenerWD -- Location of element-->input
20:23:10.801 INFO  manager.ListenerWD -- Before click element -->inputtext-->
20:23:10.850 INFO  manager.ListenerWD -- After click element -->input
20:23:10.875 INFO  manager.ListenerWD -- sendKeyds-->
20:23:10.879 INFO  manager.ListenerWD -- sendKeyds_TagName-->input
20:23:10.920 INFO  manager.ListenerWD -- sendKeyds-->
20:23:10.924 INFO  manager.ListenerWD -- sendKeyds_TagName-->input
20:23:10.947 INFO  manager.ListenerWD -- sendKeyds-->
20:23:10.951 INFO  manager.ListenerWD -- sendKeyds_TagName-->input
20:23:10.973 INFO  manager.ListenerWD -- Before find element-->By.cssSelector: [placeholder='Last Name']
20:23:10.987 INFO  manager.ListenerWD -- After find element-->By.cssSelector: [placeholder='Last Name']
20:23:10.993 INFO  manager.ListenerWD -- Location of element-->input
20:23:11.002 INFO  manager.ListenerWD -- Before click element -->inputtext-->
20:23:11.045 INFO  manager.ListenerWD -- After click element -->input
20:23:11.067 INFO  manager.ListenerWD -- sendKeyds-->
20:23:11.070 INFO  manager.ListenerWD -- sendKeyds_TagName-->input
20:23:11.107 INFO  manager.ListenerWD -- sendKeyds-->
20:23:11.110 INFO  manager.ListenerWD -- sendKeyds_TagName-->input
20:23:11.131 INFO  manager.ListenerWD -- sendKeyds-->
20:23:11.135 INFO  manager.ListenerWD -- sendKeyds_TagName-->input
20:23:11.154 INFO  manager.ListenerWD -- Before find element-->By.cssSelector: [placeholder='Phone']
20:23:11.166 INFO  manager.ListenerWD -- After find element-->By.cssSelector: [placeholder='Phone']
20:23:11.169 INFO  manager.ListenerWD -- Location of element-->input
20:23:11.177 INFO  manager.ListenerWD -- Before click element -->inputtext-->
20:23:11.221 INFO  manager.ListenerWD -- After click element -->input
20:23:11.244 INFO  manager.ListenerWD -- sendKeyds-->
20:23:11.248 INFO  manager.ListenerWD -- sendKeyds_TagName-->input
20:23:11.288 INFO  manager.ListenerWD -- sendKeyds-->
20:23:11.291 INFO  manager.ListenerWD -- sendKeyds_TagName-->input
20:23:11.318 INFO  manager.ListenerWD -- sendKeyds-->
20:23:11.322 INFO  manager.ListenerWD -- sendKeyds_TagName-->input
20:23:11.347 INFO  manager.ListenerWD -- Before find element-->By.cssSelector: [placeholder='email']
20:23:11.366 INFO  manager.ListenerWD -- After find element-->By.cssSelector: [placeholder='email']
20:23:11.370 INFO  manager.ListenerWD -- Location of element-->input
20:23:11.380 INFO  manager.ListenerWD -- Before click element -->inputtext-->
20:23:11.430 INFO  manager.ListenerWD -- After click element -->input
20:23:11.454 INFO  manager.ListenerWD -- sendKeyds-->
20:23:11.458 INFO  manager.ListenerWD -- sendKeyds_TagName-->input
20:23:11.498 INFO  manager.ListenerWD -- sendKeyds-->
20:23:11.502 INFO  manager.ListenerWD -- sendKeyds_TagName-->input
20:23:11.525 INFO  manager.ListenerWD -- sendKeyds-->
20:23:11.529 INFO  manager.ListenerWD -- sendKeyds_TagName-->input
20:23:11.555 INFO  manager.ListenerWD -- Before find element-->By.cssSelector: [placeholder='Address']
20:23:11.570 INFO  manager.ListenerWD -- After find element-->By.cssSelector: [placeholder='Address']
20:23:11.575 INFO  manager.ListenerWD -- Location of element-->input
20:23:11.586 INFO  manager.ListenerWD -- Before click element -->inputtext-->
20:23:11.630 INFO  manager.ListenerWD -- After click element -->input
20:23:11.657 INFO  manager.ListenerWD -- sendKeyds-->
20:23:11.660 INFO  manager.ListenerWD -- sendKeyds_TagName-->input
20:23:11.700 INFO  manager.ListenerWD -- sendKeyds-->
20:23:11.704 INFO  manager.ListenerWD -- sendKeyds_TagName-->input
20:23:11.728 INFO  manager.ListenerWD -- sendKeyds-->
20:23:11.731 INFO  manager.ListenerWD -- sendKeyds_TagName-->input
20:23:11.750 INFO  manager.ListenerWD -- Before find element-->By.cssSelector: [placeholder='description']
20:23:11.764 INFO  manager.ListenerWD -- After find element-->By.cssSelector: [placeholder='description']
20:23:11.768 INFO  manager.ListenerWD -- Location of element-->input
20:23:11.778 INFO  manager.ListenerWD -- Before click element -->inputtext-->
20:23:11.823 INFO  manager.ListenerWD -- After click element -->input
20:23:11.847 INFO  manager.ListenerWD -- sendKeyds-->
20:23:11.850 INFO  manager.ListenerWD -- sendKeyds_TagName-->input
20:23:11.892 INFO  manager.ListenerWD -- sendKeyds-->
20:23:11.897 INFO  manager.ListenerWD -- sendKeyds_TagName-->input
20:23:11.918 INFO  manager.ListenerWD -- sendKeyds-->
20:23:11.921 INFO  manager.ListenerWD -- sendKeyds_TagName-->input
20:23:11.943 INFO  manager.ListenerWD -- Before find element-->By.cssSelector: .add_form__2rsm2>button
20:23:11.956 INFO  manager.ListenerWD -- After find element-->By.cssSelector: .add_form__2rsm2>button
20:23:11.959 INFO  manager.ListenerWD -- Location of element-->button
20:23:11.968 INFO  manager.ListenerWD -- Before click element -->buttontext-->Save
20:23:12.008 INFO  manager.ListenerWD -- After click element -->button
20:23:12.030 INFO  manager.ListenerWD -- Huston, we have a problem!
20:23:12.030 INFO  manager.ListenerWD -- Failed method:alert
20:23:12.030 INFO  manager.ListenerWD -- ***************
20:23:12.030 INFO  manager.ListenerWD -- Arguments:null
20:23:12.030 INFO  manager.ListenerWD -- ***************
20:23:12.030 INFO  manager.ListenerWD -- Exception:NoAlertPresentException
20:23:12.030 INFO  manager.ListenerWD -- ***************
20:23:12.030 INFO  manager.ListenerWD -- Messageno such alert
  (Session info: chrome=149.0.7827.103)
Build info: version: '4.26.0', revision: '8ccf0219d7'
System info: os.name: 'Windows 11', os.arch: 'amd64', os.version: '10.0', java.version: '21.0.10'
Driver info: org.openqa.selenium.chrome.ChromeDriver
Command: [0c1ff582a5c691b5a0e1b0fc61062f0d, getAlertText {}]
Capabilities {acceptInsecureCerts: false, browserName: chrome, browserVersion: 149.0.7827.103, chrome: {chromedriverVersion: 149.0.7827.55 (3188f8a607ae..., userDataDir: C:\Users\marii\AppData\Loca...}, fedcm:accounts: true, goog:chromeOptions: {debuggerAddress: localhost:52106}, goog:processID: 15716, networkConnectionEnabled: false, pageLoadStrategy: normal, platformName: windows, proxy: Proxy(), se:cdp: ws://localhost:52106/devtoo..., se:cdpVersion: 149.0.7827.103, setWindowRect: true, strictFileInteractability: false, timeouts: {implicit: 0, pageLoad: 300000, script: 30000}, unhandledPromptBehavior: dismiss and notify, webauthn:extension:credBlob: true, webauthn:extension:largeBlob: true, webauthn:extension:minPinLength: true, webauthn:extension:prf: true, webauthn:virtualAuthenticators: true}
Session ID: 0c1ff582a5c691b5a0e1b0fc61062f0d
20:23:12.030 INFO  manager.ListenerWD -- ***************
20:23:12.030 INFO  manager.ListenerWD -- ***************
20:23:12.030 INFO  manager.ListenerWD -- Screen with error is--->src/test/screenshots/screen_1950.png
20:23:12.567 INFO  manager.TestNGListener -- Success test -->addNewContactWrongPhone
20:23:12.568 INFO  tests.TestBase -- ==============================================
20:23:12.570 INFO  tests.TestBase -- Name of method (test) -->addNewContactWrongPhone
20:23:12.571 INFO  manager.TestNGListener -- Start test -->addNewContactWrongPhone
20:23:12.573 INFO  manager.ListenerWD -- Before find element-->By.cssSelector: a[href='/add']
20:23:12.588 INFO  manager.ListenerWD -- After find element-->By.cssSelector: a[href='/add']
20:23:12.591 INFO  manager.ListenerWD -- Location of element-->a
20:23:12.600 INFO  manager.ListenerWD -- Before click element -->atext-->ADD
20:23:12.639 INFO  manager.ListenerWD -- After click element -->a
20:23:12.639 INFO  manager.ListenerWD -- Before find element-->By.cssSelector: [placeholder='Name']
20:23:12.652 INFO  manager.ListenerWD -- After find element-->By.cssSelector: [placeholder='Name']
20:23:12.656 INFO  manager.ListenerWD -- Location of element-->input
20:23:12.663 INFO  manager.ListenerWD -- Before click element -->inputtext-->
20:23:12.717 INFO  manager.ListenerWD -- After click element -->input
20:23:12.742 INFO  manager.ListenerWD -- sendKeyds-->
20:23:12.745 INFO  manager.ListenerWD -- sendKeyds_TagName-->input
20:23:12.790 INFO  manager.ListenerWD -- sendKeyds-->
20:23:12.794 INFO  manager.ListenerWD -- sendKeyds_TagName-->input
20:23:12.818 INFO  manager.ListenerWD -- sendKeyds-->
20:23:12.822 INFO  manager.ListenerWD -- sendKeyds_TagName-->input
20:23:12.844 INFO  manager.ListenerWD -- Before find element-->By.cssSelector: [placeholder='Last Name']
20:23:12.859 INFO  manager.ListenerWD -- After find element-->By.cssSelector: [placeholder='Last Name']
20:23:12.864 INFO  manager.ListenerWD -- Location of element-->input
20:23:12.874 INFO  manager.ListenerWD -- Before click element -->inputtext-->
20:23:12.920 INFO  manager.ListenerWD -- After click element -->input
20:23:12.950 INFO  manager.ListenerWD -- sendKeyds-->
20:23:12.956 INFO  manager.ListenerWD -- sendKeyds_TagName-->input
20:23:12.994 INFO  manager.ListenerWD -- sendKeyds-->
20:23:12.997 INFO  manager.ListenerWD -- sendKeyds_TagName-->input
20:23:13.020 INFO  manager.ListenerWD -- sendKeyds-->
20:23:13.023 INFO  manager.ListenerWD -- sendKeyds_TagName-->input
20:23:13.043 INFO  manager.ListenerWD -- Before find element-->By.cssSelector: [placeholder='Phone']
20:23:13.058 INFO  manager.ListenerWD -- After find element-->By.cssSelector: [placeholder='Phone']
20:23:13.063 INFO  manager.ListenerWD -- Location of element-->input
20:23:13.071 INFO  manager.ListenerWD -- Before click element -->inputtext-->
20:23:13.111 INFO  manager.ListenerWD -- After click element -->input
20:23:13.133 INFO  manager.ListenerWD -- sendKeyds-->
20:23:13.136 INFO  manager.ListenerWD -- sendKeyds_TagName-->input
20:23:13.175 INFO  manager.ListenerWD -- sendKeyds-->
20:23:13.180 INFO  manager.ListenerWD -- sendKeyds_TagName-->input
20:23:13.208 INFO  manager.ListenerWD -- sendKeyds-->
20:23:13.213 INFO  manager.ListenerWD -- sendKeyds_TagName-->input
20:23:13.237 INFO  manager.ListenerWD -- Before find element-->By.cssSelector: [placeholder='email']
20:23:13.251 INFO  manager.ListenerWD -- After find element-->By.cssSelector: [placeholder='email']
20:23:13.256 INFO  manager.ListenerWD -- Location of element-->input
20:23:13.265 INFO  manager.ListenerWD -- Before click element -->inputtext-->
20:23:13.306 INFO  manager.ListenerWD -- After click element -->input
20:23:13.328 INFO  manager.ListenerWD -- sendKeyds-->
20:23:13.332 INFO  manager.ListenerWD -- sendKeyds_TagName-->input
20:23:13.372 INFO  manager.ListenerWD -- sendKeyds-->
20:23:13.377 INFO  manager.ListenerWD -- sendKeyds_TagName-->input
20:23:13.401 INFO  manager.ListenerWD -- sendKeyds-->
20:23:13.405 INFO  manager.ListenerWD -- sendKeyds_TagName-->input
20:23:13.428 INFO  manager.ListenerWD -- Before find element-->By.cssSelector: [placeholder='Address']
20:23:13.439 INFO  manager.ListenerWD -- After find element-->By.cssSelector: [placeholder='Address']
20:23:13.443 INFO  manager.ListenerWD -- Location of element-->input
20:23:13.453 INFO  manager.ListenerWD -- Before click element -->inputtext-->
20:23:13.497 INFO  manager.ListenerWD -- After click element -->input
20:23:13.520 INFO  manager.ListenerWD -- sendKeyds-->
20:23:13.524 INFO  manager.ListenerWD -- sendKeyds_TagName-->input
20:23:13.559 INFO  manager.ListenerWD -- sendKeyds-->
20:23:13.562 INFO  manager.ListenerWD -- sendKeyds_TagName-->input
20:23:13.585 INFO  manager.ListenerWD -- sendKeyds-->
20:23:13.588 INFO  manager.ListenerWD -- sendKeyds_TagName-->input
20:23:13.610 INFO  manager.ListenerWD -- Before find element-->By.cssSelector: [placeholder='description']
20:23:13.622 INFO  manager.ListenerWD -- After find element-->By.cssSelector: [placeholder='description']
20:23:13.627 INFO  manager.ListenerWD -- Location of element-->input
20:23:13.636 INFO  manager.ListenerWD -- Before click element -->inputtext-->
20:23:13.685 INFO  manager.ListenerWD -- After click element -->input
20:23:13.709 INFO  manager.ListenerWD -- sendKeyds-->
20:23:13.713 INFO  manager.ListenerWD -- sendKeyds_TagName-->input
20:23:13.759 INFO  manager.ListenerWD -- sendKeyds-->
20:23:13.763 INFO  manager.ListenerWD -- sendKeyds_TagName-->input
20:23:13.785 INFO  manager.ListenerWD -- sendKeyds-->
20:23:13.788 INFO  manager.ListenerWD -- sendKeyds_TagName-->input
20:23:13.809 INFO  manager.ListenerWD -- Before find element-->By.cssSelector: .add_form__2rsm2>button
20:23:13.823 INFO  manager.ListenerWD -- After find element-->By.cssSelector: .add_form__2rsm2>button
20:23:13.829 INFO  manager.ListenerWD -- Location of element-->button
20:23:13.838 INFO  manager.ListenerWD -- Before click element -->buttontext-->Save
20:23:13.874 INFO  manager.ListenerWD -- After click element -->button
20:23:13.891 INFO  manager.ListenerWD -- Huston, we have a problem!
20:23:13.892 INFO  manager.ListenerWD -- Failed method:alert
20:23:13.892 INFO  manager.ListenerWD -- ***************
20:23:13.892 INFO  manager.ListenerWD -- Arguments:null
20:23:13.892 INFO  manager.ListenerWD -- ***************
20:23:13.892 INFO  manager.ListenerWD -- Exception:NoAlertPresentException
20:23:13.892 INFO  manager.ListenerWD -- ***************
20:23:13.892 INFO  manager.ListenerWD -- Messageno such alert
  (Session info: chrome=149.0.7827.103)
Build info: version: '4.26.0', revision: '8ccf0219d7'
System info: os.name: 'Windows 11', os.arch: 'amd64', os.version: '10.0', java.version: '21.0.10'
Driver info: org.openqa.selenium.chrome.ChromeDriver
Command: [0c1ff582a5c691b5a0e1b0fc61062f0d, getAlertText {}]
Capabilities {acceptInsecureCerts: false, browserName: chrome, browserVersion: 149.0.7827.103, chrome: {chromedriverVersion: 149.0.7827.55 (3188f8a607ae..., userDataDir: C:\Users\marii\AppData\Loca...}, fedcm:accounts: true, goog:chromeOptions: {debuggerAddress: localhost:52106}, goog:processID: 15716, networkConnectionEnabled: false, pageLoadStrategy: normal, platformName: windows, proxy: Proxy(), se:cdp: ws://localhost:52106/devtoo..., se:cdpVersion: 149.0.7827.103, setWindowRect: true, strictFileInteractability: false, timeouts: {implicit: 0, pageLoad: 300000, script: 30000}, unhandledPromptBehavior: dismiss and notify, webauthn:extension:credBlob: true, webauthn:extension:largeBlob: true, webauthn:extension:minPinLength: true, webauthn:extension:prf: true, webauthn:virtualAuthenticators: true}
Session ID: 0c1ff582a5c691b5a0e1b0fc61062f0d
20:23:13.892 INFO  manager.ListenerWD -- ***************
20:23:13.892 INFO  manager.ListenerWD -- ***************
20:23:13.892 INFO  manager.ListenerWD -- Screen with error is--->src/test/screenshots/screen_1583.png
20:23:14.430 INFO  manager.TestNGListener -- Success test -->addNewContactWrongPhone
20:23:14.432 INFO  tests.TestBase -- ==============================================
20:23:14.435 INFO  tests.TestBase -- Name of method (test) -->addNewContactWrongPhone
20:23:14.437 INFO  manager.TestNGListener -- Start test -->addNewContactWrongPhone
20:23:14.438 INFO  manager.ListenerWD -- Before find element-->By.cssSelector: a[href='/add']
20:23:14.451 INFO  manager.ListenerWD -- After find element-->By.cssSelector: a[href='/add']
20:23:14.458 INFO  manager.ListenerWD -- Location of element-->a
20:23:14.470 INFO  manager.ListenerWD -- Before click element -->atext-->ADD
20:23:14.537 INFO  manager.ListenerWD -- After click element -->a
20:23:14.537 INFO  manager.ListenerWD -- Before find element-->By.cssSelector: [placeholder='Name']
20:23:14.554 INFO  manager.ListenerWD -- After find element-->By.cssSelector: [placeholder='Name']
20:23:14.558 INFO  manager.ListenerWD -- Location of element-->input
20:23:14.569 INFO  manager.ListenerWD -- Before click element -->inputtext-->
20:23:14.609 INFO  manager.ListenerWD -- After click element -->input
20:23:14.635 INFO  manager.ListenerWD -- sendKeyds-->
20:23:14.638 INFO  manager.ListenerWD -- sendKeyds_TagName-->input
20:23:14.677 INFO  manager.ListenerWD -- sendKeyds-->
20:23:14.680 INFO  manager.ListenerWD -- sendKeyds_TagName-->input
20:23:14.706 INFO  manager.ListenerWD -- sendKeyds-->
20:23:14.709 INFO  manager.ListenerWD -- sendKeyds_TagName-->input
20:23:14.728 INFO  manager.ListenerWD -- Before find element-->By.cssSelector: [placeholder='Last Name']
20:23:14.739 INFO  manager.ListenerWD -- After find element-->By.cssSelector: [placeholder='Last Name']
20:23:14.742 INFO  manager.ListenerWD -- Location of element-->input
20:23:14.751 INFO  manager.ListenerWD -- Before click element -->inputtext-->
20:23:14.790 INFO  manager.ListenerWD -- After click element -->input
20:23:14.815 INFO  manager.ListenerWD -- sendKeyds-->
20:23:14.819 INFO  manager.ListenerWD -- sendKeyds_TagName-->input
20:23:14.858 INFO  manager.ListenerWD -- sendKeyds-->
20:23:14.862 INFO  manager.ListenerWD -- sendKeyds_TagName-->input
20:23:14.886 INFO  manager.ListenerWD -- sendKeyds-->
20:23:14.889 INFO  manager.ListenerWD -- sendKeyds_TagName-->input
20:23:14.909 INFO  manager.ListenerWD -- Before find element-->By.cssSelector: [placeholder='Phone']
20:23:14.924 INFO  manager.ListenerWD -- After find element-->By.cssSelector: [placeholder='Phone']
20:23:14.928 INFO  manager.ListenerWD -- Location of element-->input
20:23:14.937 INFO  manager.ListenerWD -- Before click element -->inputtext-->
20:23:14.979 INFO  manager.ListenerWD -- After click element -->input
20:23:15.006 INFO  manager.ListenerWD -- sendKeyds-->
20:23:15.009 INFO  manager.ListenerWD -- sendKeyds_TagName-->input
20:23:15.049 INFO  manager.ListenerWD -- sendKeyds-->
20:23:15.053 INFO  manager.ListenerWD -- sendKeyds_TagName-->input
20:23:15.079 INFO  manager.ListenerWD -- sendKeyds-->
20:23:15.082 INFO  manager.ListenerWD -- sendKeyds_TagName-->input
20:23:15.097 INFO  manager.ListenerWD -- Before find element-->By.cssSelector: [placeholder='email']
20:23:15.114 INFO  manager.ListenerWD -- After find element-->By.cssSelector: [placeholder='email']
20:23:15.119 INFO  manager.ListenerWD -- Location of element-->input
20:23:15.129 INFO  manager.ListenerWD -- Before click element -->inputtext-->
20:23:15.170 INFO  manager.ListenerWD -- After click element -->input
20:23:15.192 INFO  manager.ListenerWD -- sendKeyds-->
20:23:15.195 INFO  manager.ListenerWD -- sendKeyds_TagName-->input
20:23:15.240 INFO  manager.ListenerWD -- sendKeyds-->
20:23:15.244 INFO  manager.ListenerWD -- sendKeyds_TagName-->input
20:23:15.270 INFO  manager.ListenerWD -- sendKeyds-->
20:23:15.274 INFO  manager.ListenerWD -- sendKeyds_TagName-->input
20:23:15.295 INFO  manager.ListenerWD -- Before find element-->By.cssSelector: [placeholder='Address']
20:23:15.309 INFO  manager.ListenerWD -- After find element-->By.cssSelector: [placeholder='Address']
20:23:15.312 INFO  manager.ListenerWD -- Location of element-->input
20:23:15.321 INFO  manager.ListenerWD -- Before click element -->inputtext-->
20:23:15.361 INFO  manager.ListenerWD -- After click element -->input
20:23:15.383 INFO  manager.ListenerWD -- sendKeyds-->
20:23:15.386 INFO  manager.ListenerWD -- sendKeyds_TagName-->input
20:23:15.426 INFO  manager.ListenerWD -- sendKeyds-->
20:23:15.429 INFO  manager.ListenerWD -- sendKeyds_TagName-->input
20:23:15.452 INFO  manager.ListenerWD -- sendKeyds-->
20:23:15.456 INFO  manager.ListenerWD -- sendKeyds_TagName-->input
20:23:15.478 INFO  manager.ListenerWD -- Before find element-->By.cssSelector: [placeholder='description']
20:23:15.490 INFO  manager.ListenerWD -- After find element-->By.cssSelector: [placeholder='description']
20:23:15.494 INFO  manager.ListenerWD -- Location of element-->input
20:23:15.503 INFO  manager.ListenerWD -- Before click element -->inputtext-->
20:23:15.550 INFO  manager.ListenerWD -- After click element -->input
20:23:15.571 INFO  manager.ListenerWD -- sendKeyds-->
20:23:15.576 INFO  manager.ListenerWD -- sendKeyds_TagName-->input
20:23:15.613 INFO  manager.ListenerWD -- sendKeyds-->
20:23:15.618 INFO  manager.ListenerWD -- sendKeyds_TagName-->input
20:23:15.642 INFO  manager.ListenerWD -- sendKeyds-->
20:23:15.647 INFO  manager.ListenerWD -- sendKeyds_TagName-->input
20:23:15.668 INFO  manager.ListenerWD -- Before find element-->By.cssSelector: .add_form__2rsm2>button
20:23:15.680 INFO  manager.ListenerWD -- After find element-->By.cssSelector: .add_form__2rsm2>button
20:23:15.687 INFO  manager.ListenerWD -- Location of element-->button
20:23:15.696 INFO  manager.ListenerWD -- Before click element -->buttontext-->Save
20:23:15.734 INFO  manager.ListenerWD -- After click element -->button
20:23:15.757 INFO  manager.ListenerWD -- Huston, we have a problem!
20:23:15.757 INFO  manager.ListenerWD -- Failed method:alert
20:23:15.757 INFO  manager.ListenerWD -- ***************
20:23:15.757 INFO  manager.ListenerWD -- Arguments:null
20:23:15.757 INFO  manager.ListenerWD -- ***************
20:23:15.757 INFO  manager.ListenerWD -- Exception:NoAlertPresentException
20:23:15.757 INFO  manager.ListenerWD -- ***************
20:23:15.758 INFO  manager.ListenerWD -- Messageno such alert
  (Session info: chrome=149.0.7827.103)
Build info: version: '4.26.0', revision: '8ccf0219d7'
System info: os.name: 'Windows 11', os.arch: 'amd64', os.version: '10.0', java.version: '21.0.10'
Driver info: org.openqa.selenium.chrome.ChromeDriver
Command: [0c1ff582a5c691b5a0e1b0fc61062f0d, getAlertText {}]
Capabilities {acceptInsecureCerts: false, browserName: chrome, browserVersion: 149.0.7827.103, chrome: {chromedriverVersion: 149.0.7827.55 (3188f8a607ae..., userDataDir: C:\Users\marii\AppData\Loca...}, fedcm:accounts: true, goog:chromeOptions: {debuggerAddress: localhost:52106}, goog:processID: 15716, networkConnectionEnabled: false, pageLoadStrategy: normal, platformName: windows, proxy: Proxy(), se:cdp: ws://localhost:52106/devtoo..., se:cdpVersion: 149.0.7827.103, setWindowRect: true, strictFileInteractability: false, timeouts: {implicit: 0, pageLoad: 300000, script: 30000}, unhandledPromptBehavior: dismiss and notify, webauthn:extension:credBlob: true, webauthn:extension:largeBlob: true, webauthn:extension:minPinLength: true, webauthn:extension:prf: true, webauthn:virtualAuthenticators: true}
Session ID: 0c1ff582a5c691b5a0e1b0fc61062f0d
20:23:15.758 INFO  manager.ListenerWD -- ***************
20:23:15.758 INFO  manager.ListenerWD -- ***************
20:23:15.758 INFO  manager.ListenerWD -- Screen with error is--->src/test/screenshots/screen_1460.png
20:23:16.282 INFO  manager.TestNGListener -- Success test -->addNewContactWrongPhone
20:23:16.284 INFO  tests.TestBase -- ==============================================
20:23:16.286 INFO  tests.TestBase -- Name of method (test) -->addNewContactWrongPhone
20:23:16.290 INFO  manager.TestNGListener -- Start test -->addNewContactWrongPhone
20:23:16.292 INFO  manager.ListenerWD -- Before find element-->By.cssSelector: a[href='/add']
20:23:16.307 INFO  manager.ListenerWD -- After find element-->By.cssSelector: a[href='/add']
20:23:16.312 INFO  manager.ListenerWD -- Location of element-->a
20:23:16.322 INFO  manager.ListenerWD -- Before click element -->atext-->ADD
20:23:16.370 INFO  manager.ListenerWD -- After click element -->a
20:23:16.370 INFO  manager.ListenerWD -- Before find element-->By.cssSelector: [placeholder='Name']
20:23:16.382 INFO  manager.ListenerWD -- After find element-->By.cssSelector: [placeholder='Name']
20:23:16.387 INFO  manager.ListenerWD -- Location of element-->input
20:23:16.397 INFO  manager.ListenerWD -- Before click element -->inputtext-->
20:23:16.443 INFO  manager.ListenerWD -- After click element -->input
20:23:16.466 INFO  manager.ListenerWD -- sendKeyds-->
20:23:16.469 INFO  manager.ListenerWD -- sendKeyds_TagName-->input
20:23:16.507 INFO  manager.ListenerWD -- sendKeyds-->
20:23:16.509 INFO  manager.ListenerWD -- sendKeyds_TagName-->input
20:23:16.533 INFO  manager.ListenerWD -- sendKeyds-->
20:23:16.537 INFO  manager.ListenerWD -- sendKeyds_TagName-->input
20:23:16.556 INFO  manager.ListenerWD -- Before find element-->By.cssSelector: [placeholder='Last Name']
20:23:16.569 INFO  manager.ListenerWD -- After find element-->By.cssSelector: [placeholder='Last Name']
20:23:16.573 INFO  manager.ListenerWD -- Location of element-->input
20:23:16.581 INFO  manager.ListenerWD -- Before click element -->inputtext-->
20:23:16.622 INFO  manager.ListenerWD -- After click element -->input
20:23:16.647 INFO  manager.ListenerWD -- sendKeyds-->
20:23:16.654 INFO  manager.ListenerWD -- sendKeyds_TagName-->input
20:23:16.695 INFO  manager.ListenerWD -- sendKeyds-->
20:23:16.699 INFO  manager.ListenerWD -- sendKeyds_TagName-->input
20:23:16.721 INFO  manager.ListenerWD -- sendKeyds-->
20:23:16.724 INFO  manager.ListenerWD -- sendKeyds_TagName-->input
20:23:16.741 INFO  manager.ListenerWD -- Before find element-->By.cssSelector: [placeholder='Phone']
20:23:16.753 INFO  manager.ListenerWD -- After find element-->By.cssSelector: [placeholder='Phone']
20:23:16.756 INFO  manager.ListenerWD -- Location of element-->input
20:23:16.766 INFO  manager.ListenerWD -- Before click element -->inputtext-->
20:23:16.807 INFO  manager.ListenerWD -- After click element -->input
20:23:16.828 INFO  manager.ListenerWD -- sendKeyds-->
20:23:16.832 INFO  manager.ListenerWD -- sendKeyds_TagName-->input
20:23:16.855 INFO  manager.ListenerWD -- sendKeyds-->
20:23:16.860 INFO  manager.ListenerWD -- sendKeyds_TagName-->input
20:23:16.883 INFO  manager.ListenerWD -- sendKeyds-->
20:23:16.888 INFO  manager.ListenerWD -- sendKeyds_TagName-->input
20:23:16.912 INFO  manager.ListenerWD -- Before find element-->By.cssSelector: [placeholder='email']
20:23:16.924 INFO  manager.ListenerWD -- After find element-->By.cssSelector: [placeholder='email']
20:23:16.928 INFO  manager.ListenerWD -- Location of element-->input
20:23:16.938 INFO  manager.ListenerWD -- Before click element -->inputtext-->
20:23:16.979 INFO  manager.ListenerWD -- After click element -->input
20:23:17.003 INFO  manager.ListenerWD -- sendKeyds-->
20:23:17.006 INFO  manager.ListenerWD -- sendKeyds_TagName-->input
20:23:17.045 INFO  manager.ListenerWD -- sendKeyds-->
20:23:17.049 INFO  manager.ListenerWD -- sendKeyds_TagName-->input
20:23:17.074 INFO  manager.ListenerWD -- sendKeyds-->
20:23:17.078 INFO  manager.ListenerWD -- sendKeyds_TagName-->input
20:23:17.102 INFO  manager.ListenerWD -- Before find element-->By.cssSelector: [placeholder='Address']
20:23:17.114 INFO  manager.ListenerWD -- After find element-->By.cssSelector: [placeholder='Address']
20:23:17.118 INFO  manager.ListenerWD -- Location of element-->input
20:23:17.128 INFO  manager.ListenerWD -- Before click element -->inputtext-->
20:23:17.173 INFO  manager.ListenerWD -- After click element -->input
20:23:17.198 INFO  manager.ListenerWD -- sendKeyds-->
20:23:17.205 INFO  manager.ListenerWD -- sendKeyds_TagName-->input
20:23:17.247 INFO  manager.ListenerWD -- sendKeyds-->
20:23:17.252 INFO  manager.ListenerWD -- sendKeyds_TagName-->input
20:23:17.273 INFO  manager.ListenerWD -- sendKeyds-->
20:23:17.276 INFO  manager.ListenerWD -- sendKeyds_TagName-->input
20:23:17.299 INFO  manager.ListenerWD -- Before find element-->By.cssSelector: [placeholder='description']
20:23:17.312 INFO  manager.ListenerWD -- After find element-->By.cssSelector: [placeholder='description']
20:23:17.316 INFO  manager.ListenerWD -- Location of element-->input
20:23:17.324 INFO  manager.ListenerWD -- Before click element -->inputtext-->
20:23:17.367 INFO  manager.ListenerWD -- After click element -->input
20:23:17.389 INFO  manager.ListenerWD -- sendKeyds-->
20:23:17.393 INFO  manager.ListenerWD -- sendKeyds_TagName-->input
20:23:17.434 INFO  manager.ListenerWD -- sendKeyds-->
20:23:17.438 INFO  manager.ListenerWD -- sendKeyds_TagName-->input
20:23:17.460 INFO  manager.ListenerWD -- sendKeyds-->
20:23:17.464 INFO  manager.ListenerWD -- sendKeyds_TagName-->input
20:23:17.486 INFO  manager.ListenerWD -- Before find element-->By.cssSelector: .add_form__2rsm2>button
20:23:17.499 INFO  manager.ListenerWD -- After find element-->By.cssSelector: .add_form__2rsm2>button
20:23:17.503 INFO  manager.ListenerWD -- Location of element-->button
20:23:17.512 INFO  manager.ListenerWD -- Before click element -->buttontext-->Save
20:23:17.548 INFO  manager.ListenerWD -- After click element -->button
20:23:17.570 INFO  manager.ListenerWD -- Huston, we have a problem!
20:23:17.570 INFO  manager.ListenerWD -- Failed method:alert
20:23:17.570 INFO  manager.ListenerWD -- ***************
20:23:17.570 INFO  manager.ListenerWD -- Arguments:null
20:23:17.570 INFO  manager.ListenerWD -- ***************
20:23:17.570 INFO  manager.ListenerWD -- Exception:NoAlertPresentException
20:23:17.570 INFO  manager.ListenerWD -- ***************
20:23:17.570 INFO  manager.ListenerWD -- Messageno such alert
  (Session info: chrome=149.0.7827.103)
Build info: version: '4.26.0', revision: '8ccf0219d7'
System info: os.name: 'Windows 11', os.arch: 'amd64', os.version: '10.0', java.version: '21.0.10'
Driver info: org.openqa.selenium.chrome.ChromeDriver
Command: [0c1ff582a5c691b5a0e1b0fc61062f0d, getAlertText {}]
Capabilities {acceptInsecureCerts: false, browserName: chrome, browserVersion: 149.0.7827.103, chrome: {chromedriverVersion: 149.0.7827.55 (3188f8a607ae..., userDataDir: C:\Users\marii\AppData\Loca...}, fedcm:accounts: true, goog:chromeOptions: {debuggerAddress: localhost:52106}, goog:processID: 15716, networkConnectionEnabled: false, pageLoadStrategy: normal, platformName: windows, proxy: Proxy(), se:cdp: ws://localhost:52106/devtoo..., se:cdpVersion: 149.0.7827.103, setWindowRect: true, strictFileInteractability: false, timeouts: {implicit: 0, pageLoad: 300000, script: 30000}, unhandledPromptBehavior: dismiss and notify, webauthn:extension:credBlob: true, webauthn:extension:largeBlob: true, webauthn:extension:minPinLength: true, webauthn:extension:prf: true, webauthn:virtualAuthenticators: true}
Session ID: 0c1ff582a5c691b5a0e1b0fc61062f0d
20:23:17.570 INFO  manager.ListenerWD -- ***************
20:23:17.570 INFO  manager.ListenerWD -- ***************
20:23:17.570 INFO  manager.ListenerWD -- Screen with error is--->src/test/screenshots/screen_1176.png
20:23:18.109 INFO  manager.TestNGListener -- Success test -->addNewContactWrongPhone
20:23:18.110 INFO  tests.TestBase -- ==============================================
20:23:18.115 INFO  tests.TestBase -- Name of method (test) -->loginSuccess
20:23:18.132 INFO  manager.ListenerWD -- Before find element-->By.xpath: //button[text()='Sign Out']
20:23:18.149 INFO  manager.ListenerWD -- After find element-->By.xpath: //button[text()='Sign Out']
20:23:18.152 INFO  manager.ListenerWD -- Location of element-->button
20:23:18.165 INFO  manager.ListenerWD -- Before click element -->buttontext-->Sign Out
20:23:18.213 INFO  tests.TestBase -- Before method finished logout
20:23:18.215 INFO  manager.TestNGListener -- Start test -->loginSuccess
20:23:18.218 INFO  tests.TestBase -- Start test with name 'loginSuccess'
20:23:18.218 INFO  tests.TestBase -- Test data ---> email: margo@gmail.com & password: Mmar123456$
20:23:18.218 INFO  manager.ListenerWD -- Before find element-->By.cssSelector: a[href='/login']
20:23:18.234 INFO  manager.ListenerWD -- After find element-->By.cssSelector: a[href='/login']
20:23:18.237 INFO  manager.ListenerWD -- Location of element-->a
20:23:18.245 INFO  manager.ListenerWD -- Before click element -->atext-->LOGIN
20:23:18.287 INFO  manager.ListenerWD -- After click element -->a
20:23:18.287 INFO  manager.HelperBase -- open form by click on button with locator a[href='/login']
20:23:18.287 INFO  manager.ListenerWD -- Before find element-->By.name: email
20:23:18.303 INFO  manager.ListenerWD -- After find element-->By.name: email
20:23:18.306 INFO  manager.ListenerWD -- Location of element-->input
20:23:18.315 INFO  manager.ListenerWD -- Before click element -->inputtext-->
20:23:18.379 INFO  manager.ListenerWD -- After click element -->input
20:23:18.407 INFO  manager.ListenerWD -- sendKeyds-->
20:23:18.412 INFO  manager.ListenerWD -- sendKeyds_TagName-->input
20:23:18.437 INFO  manager.ListenerWD -- sendKeyds-->
20:23:18.441 INFO  manager.ListenerWD -- sendKeyds_TagName-->input
20:23:18.472 INFO  manager.ListenerWD -- sendKeyds-->
20:23:18.478 INFO  manager.ListenerWD -- sendKeyds_TagName-->input
20:23:18.506 INFO  manager.HelperBase -- type in input with locator By.name("email") 
20:23:18.506 INFO  manager.ListenerWD -- Before find element-->By.xpath: //input[@placeholder='Password']
20:23:18.521 INFO  manager.ListenerWD -- After find element-->By.xpath: //input[@placeholder='Password']
20:23:18.525 INFO  manager.ListenerWD -- Location of element-->input
20:23:18.536 INFO  manager.ListenerWD -- Before click element -->inputtext-->
20:23:18.578 INFO  manager.ListenerWD -- After click element -->input
20:23:18.598 INFO  manager.ListenerWD -- sendKeyds-->
20:23:18.602 INFO  manager.ListenerWD -- sendKeyds_TagName-->input
20:23:18.626 INFO  manager.ListenerWD -- sendKeyds-->
20:23:18.630 INFO  manager.ListenerWD -- sendKeyds_TagName-->input
20:23:18.653 INFO  manager.ListenerWD -- sendKeyds-->
20:23:18.656 INFO  manager.ListenerWD -- sendKeyds_TagName-->input
20:23:18.683 INFO  manager.ListenerWD -- Before find element-->By.xpath: //button[text()='Login']
20:23:18.698 INFO  manager.ListenerWD -- After find element-->By.xpath: //button[text()='Login']
20:23:18.704 INFO  manager.ListenerWD -- Location of element-->button
20:23:18.713 INFO  manager.ListenerWD -- Before click element -->buttontext-->Login
20:23:19.077 INFO  tests.TestBase -- Assert check is element button 'Sign out' present
20:23:19.078 INFO  manager.TestNGListener -- Success test -->loginSuccess
20:23:19.079 INFO  tests.TestBase -- ==============================================
20:23:19.082 INFO  tests.TestBase -- Name of method (test) -->loginSuccess
20:23:19.098 INFO  manager.ListenerWD -- Before find element-->By.xpath: //button[text()='Sign Out']
20:23:19.112 INFO  manager.ListenerWD -- After find element-->By.xpath: //button[text()='Sign Out']
20:23:19.118 INFO  manager.ListenerWD -- Location of element-->button
20:23:19.128 INFO  manager.ListenerWD -- Before click element -->buttontext-->Sign Out
20:23:19.176 INFO  tests.TestBase -- Before method finished logout
20:23:19.179 INFO  manager.TestNGListener -- Start test -->loginSuccess
20:23:19.180 INFO  tests.TestBase -- Start test with name 'loginSuccess'
20:23:19.180 INFO  tests.TestBase -- Test data ---> email: sonya@gmail.com & password: Ss12345$
20:23:19.180 INFO  manager.ListenerWD -- Before find element-->By.cssSelector: a[href='/login']
20:23:19.194 INFO  manager.ListenerWD -- After find element-->By.cssSelector: a[href='/login']
20:23:19.200 INFO  manager.ListenerWD -- Location of element-->a
20:23:19.208 INFO  manager.ListenerWD -- Before click element -->atext-->LOGIN
20:23:19.247 INFO  manager.ListenerWD -- After click element -->a
20:23:19.248 INFO  manager.HelperBase -- open form by click on button with locator a[href='/login']
20:23:19.248 INFO  manager.ListenerWD -- Before find element-->By.name: email
20:23:19.261 INFO  manager.ListenerWD -- After find element-->By.name: email
20:23:19.267 INFO  manager.ListenerWD -- Location of element-->input
20:23:19.278 INFO  manager.ListenerWD -- Before click element -->inputtext-->
20:23:19.336 INFO  manager.ListenerWD -- After click element -->input
20:23:19.360 INFO  manager.ListenerWD -- sendKeyds-->
20:23:19.365 INFO  manager.ListenerWD -- sendKeyds_TagName-->input
20:23:19.393 INFO  manager.ListenerWD -- sendKeyds-->
20:23:19.397 INFO  manager.ListenerWD -- sendKeyds_TagName-->input
20:23:19.427 INFO  manager.ListenerWD -- sendKeyds-->
20:23:19.431 INFO  manager.ListenerWD -- sendKeyds_TagName-->input
20:23:19.465 INFO  manager.HelperBase -- type in input with locator By.name("email") 
20:23:19.465 INFO  manager.ListenerWD -- Before find element-->By.xpath: //input[@placeholder='Password']
20:23:19.485 INFO  manager.ListenerWD -- After find element-->By.xpath: //input[@placeholder='Password']
20:23:19.492 INFO  manager.ListenerWD -- Location of element-->input
20:23:19.506 INFO  manager.ListenerWD -- Before click element -->inputtext-->
20:23:19.555 INFO  manager.ListenerWD -- After click element -->input
20:23:19.577 INFO  manager.ListenerWD -- sendKeyds-->
20:23:19.581 INFO  manager.ListenerWD -- sendKeyds_TagName-->input
20:23:19.606 INFO  manager.ListenerWD -- sendKeyds-->
20:23:19.609 INFO  manager.ListenerWD -- sendKeyds_TagName-->input
20:23:19.630 INFO  manager.ListenerWD -- sendKeyds-->
20:23:19.639 INFO  manager.ListenerWD -- sendKeyds_TagName-->input
20:23:19.662 INFO  manager.ListenerWD -- Before find element-->By.xpath: //button[text()='Login']
20:23:19.678 INFO  manager.ListenerWD -- After find element-->By.xpath: //button[text()='Login']
20:23:19.683 INFO  manager.ListenerWD -- Location of element-->button
20:23:19.692 INFO  manager.ListenerWD -- Before click element -->buttontext-->Login
20:23:20.052 INFO  tests.TestBase -- Assert check is element button 'Sign out' present
20:23:20.055 INFO  manager.TestNGListener -- Success test -->loginSuccess
20:23:20.055 INFO  tests.TestBase -- ==============================================
20:23:20.057 INFO  tests.TestBase -- Name of method (test) -->loginSuccess
20:23:20.074 INFO  manager.ListenerWD -- Before find element-->By.xpath: //button[text()='Sign Out']
20:23:20.087 INFO  manager.ListenerWD -- After find element-->By.xpath: //button[text()='Sign Out']
20:23:20.092 INFO  manager.ListenerWD -- Location of element-->button
20:23:20.100 INFO  manager.ListenerWD -- Before click element -->buttontext-->Sign Out
20:23:20.148 INFO  tests.TestBase -- Before method finished logout
20:23:20.150 INFO  manager.TestNGListener -- Start test -->loginSuccess
20:23:20.151 INFO  tests.TestBase -- Start test with name 'loginSuccess'
20:23:20.151 INFO  tests.TestBase -- Test data ---> email: art276@art.com & password: $Art1$2$3456789
20:23:20.151 INFO  manager.ListenerWD -- Before find element-->By.cssSelector: a[href='/login']
20:23:20.164 INFO  manager.ListenerWD -- After find element-->By.cssSelector: a[href='/login']
20:23:20.169 INFO  manager.ListenerWD -- Location of element-->a
20:23:20.179 INFO  manager.ListenerWD -- Before click element -->atext-->LOGIN
20:23:20.217 INFO  manager.ListenerWD -- After click element -->a
20:23:20.217 INFO  manager.HelperBase -- open form by click on button with locator a[href='/login']
20:23:20.217 INFO  manager.ListenerWD -- Before find element-->By.name: email
20:23:20.230 INFO  manager.ListenerWD -- After find element-->By.name: email
20:23:20.235 INFO  manager.ListenerWD -- Location of element-->input
20:23:20.242 INFO  manager.ListenerWD -- Before click element -->inputtext-->
20:23:20.301 INFO  manager.ListenerWD -- After click element -->input
20:23:20.325 INFO  manager.ListenerWD -- sendKeyds-->
20:23:20.328 INFO  manager.ListenerWD -- sendKeyds_TagName-->input
20:23:20.351 INFO  manager.ListenerWD -- sendKeyds-->
20:23:20.355 INFO  manager.ListenerWD -- sendKeyds_TagName-->input
20:23:20.381 INFO  manager.ListenerWD -- sendKeyds-->
20:23:20.386 INFO  manager.ListenerWD -- sendKeyds_TagName-->input
20:23:20.409 INFO  manager.HelperBase -- type in input with locator By.name("email") 
20:23:20.409 INFO  manager.ListenerWD -- Before find element-->By.xpath: //input[@placeholder='Password']
20:23:20.421 INFO  manager.ListenerWD -- After find element-->By.xpath: //input[@placeholder='Password']
20:23:20.425 INFO  manager.ListenerWD -- Location of element-->input
20:23:20.434 INFO  manager.ListenerWD -- Before click element -->inputtext-->
20:23:20.472 INFO  manager.ListenerWD -- After click element -->input
20:23:20.492 INFO  manager.ListenerWD -- sendKeyds-->
20:23:20.495 INFO  manager.ListenerWD -- sendKeyds_TagName-->input
20:23:20.518 INFO  manager.ListenerWD -- sendKeyds-->
20:23:20.521 INFO  manager.ListenerWD -- sendKeyds_TagName-->input
20:23:20.546 INFO  manager.ListenerWD -- sendKeyds-->
20:23:20.550 INFO  manager.ListenerWD -- sendKeyds_TagName-->input
20:23:20.577 INFO  manager.ListenerWD -- Before find element-->By.xpath: //button[text()='Login']
20:23:20.592 INFO  manager.ListenerWD -- After find element-->By.xpath: //button[text()='Login']
20:23:20.597 INFO  manager.ListenerWD -- Location of element-->button
20:23:20.607 INFO  manager.ListenerWD -- Before click element -->buttontext-->Login
20:23:20.909 INFO  tests.TestBase -- Assert check is element button 'Sign out' present
20:23:20.910 INFO  manager.TestNGListener -- Success test -->loginSuccess
20:23:20.910 INFO  tests.TestBase -- ==============================================
20:23:20.914 INFO  tests.TestBase -- Name of method (test) -->loginSuccess1
20:23:20.928 INFO  manager.ListenerWD -- Before find element-->By.xpath: //button[text()='Sign Out']
20:23:20.942 INFO  manager.ListenerWD -- After find element-->By.xpath: //button[text()='Sign Out']
20:23:20.946 INFO  manager.ListenerWD -- Location of element-->button
20:23:20.956 INFO  manager.ListenerWD -- Before click element -->buttontext-->Sign Out
20:23:21.004 INFO  tests.TestBase -- Before method finished logout
20:23:21.006 INFO  manager.TestNGListener -- Start test -->loginSuccess1
20:23:21.008 INFO  manager.ListenerWD -- Before find element-->By.cssSelector: a[href='/login']
20:23:21.022 INFO  manager.ListenerWD -- After find element-->By.cssSelector: a[href='/login']
20:23:21.026 INFO  manager.ListenerWD -- Location of element-->a
20:23:21.037 INFO  manager.ListenerWD -- Before click element -->atext-->LOGIN
20:23:21.077 INFO  manager.ListenerWD -- After click element -->a
20:23:21.077 INFO  manager.HelperBase -- open form by click on button with locator a[href='/login']
20:23:21.077 INFO  manager.ListenerWD -- Before find element-->By.name: email
20:23:21.088 INFO  manager.ListenerWD -- After find element-->By.name: email
20:23:21.091 INFO  manager.ListenerWD -- Location of element-->input
20:23:21.102 INFO  manager.ListenerWD -- Before click element -->inputtext-->
20:23:21.162 INFO  manager.ListenerWD -- After click element -->input
20:23:21.185 INFO  manager.ListenerWD -- sendKeyds-->
20:23:21.189 INFO  manager.ListenerWD -- sendKeyds_TagName-->input
20:23:21.213 INFO  manager.ListenerWD -- sendKeyds-->
20:23:21.216 INFO  manager.ListenerWD -- sendKeyds_TagName-->input
20:23:21.242 INFO  manager.ListenerWD -- sendKeyds-->
20:23:21.246 INFO  manager.ListenerWD -- sendKeyds_TagName-->input
20:23:21.272 INFO  manager.ListenerWD -- Before find element-->By.xpath: //input[@placeholder='Password']
20:23:21.284 INFO  manager.ListenerWD -- After find element-->By.xpath: //input[@placeholder='Password']
20:23:21.287 INFO  manager.ListenerWD -- Location of element-->input
20:23:21.294 INFO  manager.ListenerWD -- Before click element -->inputtext-->
20:23:21.340 INFO  manager.ListenerWD -- After click element -->input
20:23:21.360 INFO  manager.ListenerWD -- sendKeyds-->
20:23:21.365 INFO  manager.ListenerWD -- sendKeyds_TagName-->input
20:23:21.387 INFO  manager.ListenerWD -- sendKeyds-->
20:23:21.391 INFO  manager.ListenerWD -- sendKeyds_TagName-->input
20:23:21.414 INFO  manager.ListenerWD -- sendKeyds-->
20:23:21.418 INFO  manager.ListenerWD -- sendKeyds_TagName-->input
20:23:21.444 INFO  manager.ListenerWD -- Before find element-->By.xpath: //button[text()='Login']
20:23:21.462 INFO  manager.ListenerWD -- After find element-->By.xpath: //button[text()='Login']
20:23:21.467 INFO  manager.ListenerWD -- Location of element-->button
20:23:21.478 INFO  manager.ListenerWD -- Before click element -->buttontext-->Login
20:23:21.792 INFO  manager.TestNGListener -- Success test -->loginSuccess1
20:23:21.794 INFO  tests.TestBase -- ==============================================
20:23:21.797 INFO  tests.TestBase -- Name of method (test) -->loginSuccessModel
20:23:21.814 INFO  manager.ListenerWD -- Before find element-->By.xpath: //button[text()='Sign Out']
20:23:21.826 INFO  manager.ListenerWD -- After find element-->By.xpath: //button[text()='Sign Out']
20:23:21.831 INFO  manager.ListenerWD -- Location of element-->button
20:23:21.839 INFO  manager.ListenerWD -- Before click element -->buttontext-->Sign Out
20:23:21.887 INFO  tests.TestBase -- Before method finished logout
20:23:21.888 INFO  manager.TestNGListener -- Start test -->loginSuccessModel
20:23:21.891 INFO  tests.TestBase -- Test data---> User{email='margo@gmail.com', password='Mmar123456$'}
20:23:21.891 INFO  manager.ListenerWD -- Before find element-->By.cssSelector: a[href='/login']
20:23:21.905 INFO  manager.ListenerWD -- After find element-->By.cssSelector: a[href='/login']
20:23:21.909 INFO  manager.ListenerWD -- Location of element-->a
20:23:21.918 INFO  manager.ListenerWD -- Before click element -->atext-->LOGIN
20:23:21.957 INFO  manager.ListenerWD -- After click element -->a
20:23:21.957 INFO  manager.HelperBase -- open form by click on button with locator a[href='/login']
20:23:21.957 INFO  manager.ListenerWD -- Before find element-->By.name: email
20:23:21.969 INFO  manager.ListenerWD -- After find element-->By.name: email
20:23:21.974 INFO  manager.ListenerWD -- Location of element-->input
20:23:21.983 INFO  manager.ListenerWD -- Before click element -->inputtext-->
20:23:22.037 INFO  manager.ListenerWD -- After click element -->input
20:23:22.062 INFO  manager.ListenerWD -- sendKeyds-->
20:23:22.065 INFO  manager.ListenerWD -- sendKeyds_TagName-->input
20:23:22.093 INFO  manager.ListenerWD -- sendKeyds-->
20:23:22.098 INFO  manager.ListenerWD -- sendKeyds_TagName-->input
20:23:22.121 INFO  manager.ListenerWD -- sendKeyds-->
20:23:22.125 INFO  manager.ListenerWD -- sendKeyds_TagName-->input
20:23:22.161 INFO  manager.ListenerWD -- Before find element-->By.xpath: //input[@placeholder='Password']
20:23:22.179 INFO  manager.ListenerWD -- After find element-->By.xpath: //input[@placeholder='Password']
20:23:22.185 INFO  manager.ListenerWD -- Location of element-->input
20:23:22.192 INFO  manager.ListenerWD -- Before click element -->inputtext-->
20:23:22.232 INFO  manager.ListenerWD -- After click element -->input
20:23:22.254 INFO  manager.ListenerWD -- sendKeyds-->
20:23:22.257 INFO  manager.ListenerWD -- sendKeyds_TagName-->input
20:23:22.282 INFO  manager.ListenerWD -- sendKeyds-->
20:23:22.286 INFO  manager.ListenerWD -- sendKeyds_TagName-->input
20:23:22.309 INFO  manager.ListenerWD -- sendKeyds-->
20:23:22.313 INFO  manager.ListenerWD -- sendKeyds_TagName-->input
20:23:22.338 INFO  manager.ListenerWD -- Before find element-->By.xpath: //button[text()='Login']
20:23:22.352 INFO  manager.ListenerWD -- After find element-->By.xpath: //button[text()='Login']
20:23:22.356 INFO  manager.ListenerWD -- Location of element-->button
20:23:22.365 INFO  manager.ListenerWD -- Before click element -->buttontext-->Login
20:23:22.729 INFO  tests.TestBase -- Assert check is element button 'Sign out' present
20:23:22.731 INFO  manager.TestNGListener -- Success test -->loginSuccessModel
20:23:22.732 INFO  tests.TestBase -- ==============================================
20:23:22.735 INFO  tests.TestBase -- Name of method (test) -->loginSuccessModel
20:23:22.750 INFO  manager.ListenerWD -- Before find element-->By.xpath: //button[text()='Sign Out']
20:23:22.764 INFO  manager.ListenerWD -- After find element-->By.xpath: //button[text()='Sign Out']
20:23:22.768 INFO  manager.ListenerWD -- Location of element-->button
20:23:22.776 INFO  manager.ListenerWD -- Before click element -->buttontext-->Sign Out
20:23:22.819 INFO  tests.TestBase -- Before method finished logout
20:23:22.822 INFO  manager.TestNGListener -- Start test -->loginSuccessModel
20:23:22.824 INFO  tests.TestBase -- Test data---> User{email='sonya@gmail.com', password='Ss12345$'}
20:23:22.824 INFO  manager.ListenerWD -- Before find element-->By.cssSelector: a[href='/login']
20:23:22.836 INFO  manager.ListenerWD -- After find element-->By.cssSelector: a[href='/login']
20:23:22.840 INFO  manager.ListenerWD -- Location of element-->a
20:23:22.849 INFO  manager.ListenerWD -- Before click element -->atext-->LOGIN
20:23:22.889 INFO  manager.ListenerWD -- After click element -->a
20:23:22.889 INFO  manager.HelperBase -- open form by click on button with locator a[href='/login']
20:23:22.889 INFO  manager.ListenerWD -- Before find element-->By.name: email
20:23:22.900 INFO  manager.ListenerWD -- After find element-->By.name: email
20:23:22.905 INFO  manager.ListenerWD -- Location of element-->input
20:23:22.914 INFO  manager.ListenerWD -- Before click element -->inputtext-->
20:23:22.974 INFO  manager.ListenerWD -- After click element -->input
20:23:22.999 INFO  manager.ListenerWD -- sendKeyds-->
20:23:23.002 INFO  manager.ListenerWD -- sendKeyds_TagName-->input
20:23:23.028 INFO  manager.ListenerWD -- sendKeyds-->
20:23:23.032 INFO  manager.ListenerWD -- sendKeyds_TagName-->input
20:23:23.055 INFO  manager.ListenerWD -- sendKeyds-->
20:23:23.059 INFO  manager.ListenerWD -- sendKeyds_TagName-->input
20:23:23.084 INFO  manager.ListenerWD -- Before find element-->By.xpath: //input[@placeholder='Password']
20:23:23.097 INFO  manager.ListenerWD -- After find element-->By.xpath: //input[@placeholder='Password']
20:23:23.102 INFO  manager.ListenerWD -- Location of element-->input
20:23:23.113 INFO  manager.ListenerWD -- Before click element -->inputtext-->
20:23:23.165 INFO  manager.ListenerWD -- After click element -->input
20:23:23.191 INFO  manager.ListenerWD -- sendKeyds-->
20:23:23.195 INFO  manager.ListenerWD -- sendKeyds_TagName-->input
20:23:23.220 INFO  manager.ListenerWD -- sendKeyds-->
20:23:23.223 INFO  manager.ListenerWD -- sendKeyds_TagName-->input
20:23:23.246 INFO  manager.ListenerWD -- sendKeyds-->
20:23:23.251 INFO  manager.ListenerWD -- sendKeyds_TagName-->input
20:23:23.272 INFO  manager.ListenerWD -- Before find element-->By.xpath: //button[text()='Login']
20:23:23.285 INFO  manager.ListenerWD -- After find element-->By.xpath: //button[text()='Login']
20:23:23.289 INFO  manager.ListenerWD -- Location of element-->button
20:23:23.299 INFO  manager.ListenerWD -- Before click element -->buttontext-->Login
20:23:23.668 INFO  tests.TestBase -- Assert check is element button 'Sign out' present
20:23:23.670 INFO  manager.TestNGListener -- Success test -->loginSuccessModel
20:23:23.671 INFO  tests.TestBase -- ==============================================
20:23:23.674 INFO  tests.TestBase -- Name of method (test) -->loginSuccessModelDPF
20:23:23.690 INFO  manager.ListenerWD -- Before find element-->By.xpath: //button[text()='Sign Out']
20:23:23.709 INFO  manager.ListenerWD -- After find element-->By.xpath: //button[text()='Sign Out']
20:23:23.715 INFO  manager.ListenerWD -- Location of element-->button
20:23:23.723 INFO  manager.ListenerWD -- Before click element -->buttontext-->Sign Out
20:23:23.771 INFO  tests.TestBase -- Before method finished logout
20:23:23.772 INFO  manager.TestNGListener -- Start test -->loginSuccessModelDPF
20:23:23.774 INFO  tests.TestBase -- Test data---> User{email='margo@gmail.com', password='Mmar123456$'}
20:23:23.774 INFO  manager.ListenerWD -- Before find element-->By.cssSelector: a[href='/login']
20:23:23.789 INFO  manager.ListenerWD -- After find element-->By.cssSelector: a[href='/login']
20:23:23.794 INFO  manager.ListenerWD -- Location of element-->a
20:23:23.804 INFO  manager.ListenerWD -- Before click element -->atext-->LOGIN
20:23:23.838 INFO  manager.ListenerWD -- After click element -->a
20:23:23.838 INFO  manager.HelperBase -- open form by click on button with locator a[href='/login']
20:23:23.839 INFO  manager.ListenerWD -- Before find element-->By.name: email
20:23:23.852 INFO  manager.ListenerWD -- After find element-->By.name: email
20:23:23.856 INFO  manager.ListenerWD -- Location of element-->input
20:23:23.865 INFO  manager.ListenerWD -- Before click element -->inputtext-->
20:23:23.923 INFO  manager.ListenerWD -- After click element -->input
20:23:23.947 INFO  manager.ListenerWD -- sendKeyds-->
20:23:23.951 INFO  manager.ListenerWD -- sendKeyds_TagName-->input
20:23:23.973 INFO  manager.ListenerWD -- sendKeyds-->
20:23:23.976 INFO  manager.ListenerWD -- sendKeyds_TagName-->input
20:23:24.000 INFO  manager.ListenerWD -- sendKeyds-->
20:23:24.004 INFO  manager.ListenerWD -- sendKeyds_TagName-->input
20:23:24.030 INFO  manager.ListenerWD -- Before find element-->By.xpath: //input[@placeholder='Password']
20:23:24.042 INFO  manager.ListenerWD -- After find element-->By.xpath: //input[@placeholder='Password']
20:23:24.046 INFO  manager.ListenerWD -- Location of element-->input
20:23:24.057 INFO  manager.ListenerWD -- Before click element -->inputtext-->
20:23:24.100 INFO  manager.ListenerWD -- After click element -->input
20:23:24.121 INFO  manager.ListenerWD -- sendKeyds-->
20:23:24.125 INFO  manager.ListenerWD -- sendKeyds_TagName-->input
20:23:24.146 INFO  manager.ListenerWD -- sendKeyds-->
20:23:24.152 INFO  manager.ListenerWD -- sendKeyds_TagName-->input
20:23:24.175 INFO  manager.ListenerWD -- sendKeyds-->
20:23:24.179 INFO  manager.ListenerWD -- sendKeyds_TagName-->input
20:23:24.205 INFO  manager.ListenerWD -- Before find element-->By.xpath: //button[text()='Login']
20:23:24.220 INFO  manager.ListenerWD -- After find element-->By.xpath: //button[text()='Login']
20:23:24.225 INFO  manager.ListenerWD -- Location of element-->button
20:23:24.236 INFO  manager.ListenerWD -- Before click element -->buttontext-->Login
20:23:24.600 INFO  tests.TestBase -- Assert check is element button 'Sign out' present
20:23:24.601 INFO  manager.TestNGListener -- Success test -->loginSuccessModelDPF
20:23:24.602 INFO  tests.TestBase -- ==============================================
20:23:24.604 INFO  tests.TestBase -- Name of method (test) -->loginSuccessModelDPF
20:23:24.616 INFO  manager.ListenerWD -- Before find element-->By.xpath: //button[text()='Sign Out']
20:23:24.631 INFO  manager.ListenerWD -- After find element-->By.xpath: //button[text()='Sign Out']
20:23:24.636 INFO  manager.ListenerWD -- Location of element-->button
20:23:24.644 INFO  manager.ListenerWD -- Before click element -->buttontext-->Sign Out
20:23:24.690 INFO  tests.TestBase -- Before method finished logout
20:23:24.692 INFO  manager.TestNGListener -- Start test -->loginSuccessModelDPF
20:23:24.693 INFO  tests.TestBase -- Test data---> User{email='sonya@gmail.com', password='Ss12345$'}
20:23:24.693 INFO  manager.ListenerWD -- Before find element-->By.cssSelector: a[href='/login']
20:23:24.707 INFO  manager.ListenerWD -- After find element-->By.cssSelector: a[href='/login']
20:23:24.713 INFO  manager.ListenerWD -- Location of element-->a
20:23:24.723 INFO  manager.ListenerWD -- Before click element -->atext-->LOGIN
20:23:24.767 INFO  manager.ListenerWD -- After click element -->a
20:23:24.767 INFO  manager.HelperBase -- open form by click on button with locator a[href='/login']
20:23:24.769 INFO  manager.ListenerWD -- Before find element-->By.name: email
20:23:24.781 INFO  manager.ListenerWD -- After find element-->By.name: email
20:23:24.785 INFO  manager.ListenerWD -- Location of element-->input
20:23:24.796 INFO  manager.ListenerWD -- Before click element -->inputtext-->
20:23:24.856 INFO  manager.ListenerWD -- After click element -->input
20:23:24.879 INFO  manager.ListenerWD -- sendKeyds-->
20:23:24.882 INFO  manager.ListenerWD -- sendKeyds_TagName-->input
20:23:24.904 INFO  manager.ListenerWD -- sendKeyds-->
20:23:24.907 INFO  manager.ListenerWD -- sendKeyds_TagName-->input
20:23:24.929 INFO  manager.ListenerWD -- sendKeyds-->
20:23:24.934 INFO  manager.ListenerWD -- sendKeyds_TagName-->input
20:23:24.956 INFO  manager.ListenerWD -- Before find element-->By.xpath: //input[@placeholder='Password']
20:23:24.969 INFO  manager.ListenerWD -- After find element-->By.xpath: //input[@placeholder='Password']
20:23:24.973 INFO  manager.ListenerWD -- Location of element-->input
20:23:24.981 INFO  manager.ListenerWD -- Before click element -->inputtext-->
20:23:25.030 INFO  manager.ListenerWD -- After click element -->input
20:23:25.051 INFO  manager.ListenerWD -- sendKeyds-->
20:23:25.056 INFO  manager.ListenerWD -- sendKeyds_TagName-->input
20:23:25.079 INFO  manager.ListenerWD -- sendKeyds-->
20:23:25.084 INFO  manager.ListenerWD -- sendKeyds_TagName-->input
20:23:25.105 INFO  manager.ListenerWD -- sendKeyds-->
20:23:25.108 INFO  manager.ListenerWD -- sendKeyds_TagName-->input
20:23:25.128 INFO  manager.ListenerWD -- Before find element-->By.xpath: //button[text()='Login']
20:23:25.140 INFO  manager.ListenerWD -- After find element-->By.xpath: //button[text()='Login']
20:23:25.145 INFO  manager.ListenerWD -- Location of element-->button
20:23:25.155 INFO  manager.ListenerWD -- Before click element -->buttontext-->Login
20:23:25.520 INFO  tests.TestBase -- Assert check is element button 'Sign out' present
20:23:25.522 INFO  manager.TestNGListener -- Success test -->loginSuccessModelDPF
20:23:25.524 INFO  tests.TestBase -- ==============================================
20:23:25.526 INFO  tests.TestBase -- Name of method (test) -->loginSuccessModelDPF
20:23:25.541 INFO  manager.ListenerWD -- Before find element-->By.xpath: //button[text()='Sign Out']
20:23:25.554 INFO  manager.ListenerWD -- After find element-->By.xpath: //button[text()='Sign Out']
20:23:25.559 INFO  manager.ListenerWD -- Location of element-->button
20:23:25.569 INFO  manager.ListenerWD -- Before click element -->buttontext-->Sign Out
20:23:25.615 INFO  tests.TestBase -- Before method finished logout
20:23:25.616 INFO  manager.TestNGListener -- Start test -->loginSuccessModelDPF
20:23:25.617 INFO  tests.TestBase -- Test data---> User{email='margo@gmail.com', password='Mmar123456$'}
20:23:25.618 INFO  manager.ListenerWD -- Before find element-->By.cssSelector: a[href='/login']
20:23:25.630 INFO  manager.ListenerWD -- After find element-->By.cssSelector: a[href='/login']
20:23:25.635 INFO  manager.ListenerWD -- Location of element-->a
20:23:25.644 INFO  manager.ListenerWD -- Before click element -->atext-->LOGIN
20:23:25.683 INFO  manager.ListenerWD -- After click element -->a
20:23:25.683 INFO  manager.HelperBase -- open form by click on button with locator a[href='/login']
20:23:25.683 INFO  manager.ListenerWD -- Before find element-->By.name: email
20:23:25.695 INFO  manager.ListenerWD -- After find element-->By.name: email
20:23:25.699 INFO  manager.ListenerWD -- Location of element-->input
20:23:25.708 INFO  manager.ListenerWD -- Before click element -->inputtext-->
20:23:25.769 INFO  manager.ListenerWD -- After click element -->input
20:23:25.791 INFO  manager.ListenerWD -- sendKeyds-->
20:23:25.796 INFO  manager.ListenerWD -- sendKeyds_TagName-->input
20:23:25.819 INFO  manager.ListenerWD -- sendKeyds-->
20:23:25.823 INFO  manager.ListenerWD -- sendKeyds_TagName-->input
20:23:25.846 INFO  manager.ListenerWD -- sendKeyds-->
20:23:25.850 INFO  manager.ListenerWD -- sendKeyds_TagName-->input
20:23:25.875 INFO  manager.ListenerWD -- Before find element-->By.xpath: //input[@placeholder='Password']
20:23:25.890 INFO  manager.ListenerWD -- After find element-->By.xpath: //input[@placeholder='Password']
20:23:25.894 INFO  manager.ListenerWD -- Location of element-->input
20:23:25.903 INFO  manager.ListenerWD -- Before click element -->inputtext-->
20:23:25.942 INFO  manager.ListenerWD -- After click element -->input
20:23:25.964 INFO  manager.ListenerWD -- sendKeyds-->
20:23:25.969 INFO  manager.ListenerWD -- sendKeyds_TagName-->input
20:23:25.991 INFO  manager.ListenerWD -- sendKeyds-->
20:23:25.995 INFO  manager.ListenerWD -- sendKeyds_TagName-->input
20:23:26.020 INFO  manager.ListenerWD -- sendKeyds-->
20:23:26.024 INFO  manager.ListenerWD -- sendKeyds_TagName-->input
20:23:26.047 INFO  manager.ListenerWD -- Before find element-->By.xpath: //button[text()='Login']
20:23:26.062 INFO  manager.ListenerWD -- After find element-->By.xpath: //button[text()='Login']
20:23:26.068 INFO  manager.ListenerWD -- Location of element-->button
20:23:26.076 INFO  manager.ListenerWD -- Before click element -->buttontext-->Login
20:23:26.439 INFO  tests.TestBase -- Assert check is element button 'Sign out' present
20:23:26.442 INFO  manager.TestNGListener -- Success test -->loginSuccessModelDPF
20:23:26.442 INFO  tests.TestBase -- ==============================================
20:23:26.446 INFO  tests.TestBase -- Name of method (test) -->loginUnregisteredUser
20:23:26.461 INFO  manager.ListenerWD -- Before find element-->By.xpath: //button[text()='Sign Out']
20:23:26.475 INFO  manager.ListenerWD -- After find element-->By.xpath: //button[text()='Sign Out']
20:23:26.478 INFO  manager.ListenerWD -- Location of element-->button
20:23:26.487 INFO  manager.ListenerWD -- Before click element -->buttontext-->Sign Out
20:23:26.532 INFO  tests.TestBase -- Before method finished logout
20:23:26.535 INFO  manager.TestNGListener -- Start test -->loginUnregisteredUser
20:23:26.536 INFO  tests.TestBase -- Test data---> email: 'margo_m@gmail.com' & password: 'Mmar123456$'
20:23:26.536 INFO  manager.ListenerWD -- Before find element-->By.cssSelector: a[href='/login']
20:23:26.548 INFO  manager.ListenerWD -- After find element-->By.cssSelector: a[href='/login']
20:23:26.552 INFO  manager.ListenerWD -- Location of element-->a
20:23:26.560 INFO  manager.ListenerWD -- Before click element -->atext-->LOGIN
20:23:26.597 INFO  manager.ListenerWD -- After click element -->a
20:23:26.597 INFO  manager.HelperBase -- open form by click on button with locator a[href='/login']
20:23:26.597 INFO  manager.ListenerWD -- Before find element-->By.name: email
20:23:26.608 INFO  manager.ListenerWD -- After find element-->By.name: email
20:23:26.612 INFO  manager.ListenerWD -- Location of element-->input
20:23:26.620 INFO  manager.ListenerWD -- Before click element -->inputtext-->
20:23:26.680 INFO  manager.ListenerWD -- After click element -->input
20:23:26.702 INFO  manager.ListenerWD -- sendKeyds-->
20:23:26.705 INFO  manager.ListenerWD -- sendKeyds_TagName-->input
20:23:26.729 INFO  manager.ListenerWD -- sendKeyds-->
20:23:26.732 INFO  manager.ListenerWD -- sendKeyds_TagName-->input
20:23:26.754 INFO  manager.ListenerWD -- sendKeyds-->
20:23:26.757 INFO  manager.ListenerWD -- sendKeyds_TagName-->input
20:23:26.784 INFO  manager.HelperBase -- type in input with locator By.name("email") 
20:23:26.784 INFO  manager.ListenerWD -- Before find element-->By.xpath: //input[@placeholder='Password']
20:23:26.795 INFO  manager.ListenerWD -- After find element-->By.xpath: //input[@placeholder='Password']
20:23:26.798 INFO  manager.ListenerWD -- Location of element-->input
20:23:26.808 INFO  manager.ListenerWD -- Before click element -->inputtext-->
20:23:26.848 INFO  manager.ListenerWD -- After click element -->input
20:23:26.871 INFO  manager.ListenerWD -- sendKeyds-->
20:23:26.876 INFO  manager.ListenerWD -- sendKeyds_TagName-->input
20:23:26.900 INFO  manager.ListenerWD -- sendKeyds-->
20:23:26.903 INFO  manager.ListenerWD -- sendKeyds_TagName-->input
20:23:26.925 INFO  manager.ListenerWD -- sendKeyds-->
20:23:26.928 INFO  manager.ListenerWD -- sendKeyds_TagName-->input
20:23:26.951 INFO  manager.ListenerWD -- Before find element-->By.xpath: //button[text()='Login']
20:23:26.960 INFO  manager.ListenerWD -- After find element-->By.xpath: //button[text()='Login']
20:23:26.964 INFO  manager.ListenerWD -- Location of element-->button
20:23:26.977 INFO  manager.ListenerWD -- Before click element -->buttontext-->Login
20:23:27.030 INFO  manager.ListenerWD -- Huston, we have a problem!
20:23:27.030 INFO  manager.ListenerWD -- Failed method:alert
20:23:27.030 INFO  manager.ListenerWD -- ***************
20:23:27.030 INFO  manager.ListenerWD -- Arguments:null
20:23:27.030 INFO  manager.ListenerWD -- ***************
20:23:27.030 INFO  manager.ListenerWD -- Exception:NoAlertPresentException
20:23:27.030 INFO  manager.ListenerWD -- ***************
20:23:27.030 INFO  manager.ListenerWD -- Messageno such alert
  (Session info: chrome=149.0.7827.103)
Build info: version: '4.26.0', revision: '8ccf0219d7'
System info: os.name: 'Windows 11', os.arch: 'amd64', os.version: '10.0', java.version: '21.0.10'
Driver info: org.openqa.selenium.chrome.ChromeDriver
Command: [0c1ff582a5c691b5a0e1b0fc61062f0d, getAlertText {}]
Capabilities {acceptInsecureCerts: false, browserName: chrome, browserVersion: 149.0.7827.103, chrome: {chromedriverVersion: 149.0.7827.55 (3188f8a607ae..., userDataDir: C:\Users\marii\AppData\Loca...}, fedcm:accounts: true, goog:chromeOptions: {debuggerAddress: localhost:52106}, goog:processID: 15716, networkConnectionEnabled: false, pageLoadStrategy: normal, platformName: windows, proxy: Proxy(), se:cdp: ws://localhost:52106/devtoo..., se:cdpVersion: 149.0.7827.103, setWindowRect: true, strictFileInteractability: false, timeouts: {implicit: 0, pageLoad: 300000, script: 30000}, unhandledPromptBehavior: dismiss and notify, webauthn:extension:credBlob: true, webauthn:extension:largeBlob: true, webauthn:extension:minPinLength: true, webauthn:extension:prf: true, webauthn:virtualAuthenticators: true}
Session ID: 0c1ff582a5c691b5a0e1b0fc61062f0d
20:23:27.030 INFO  manager.ListenerWD -- ***************
20:23:27.030 INFO  manager.ListenerWD -- ***************
20:23:27.030 INFO  manager.ListenerWD -- Screen with error is--->src/test/screenshots/screen_1868.png
20:23:27.559 INFO  tests.TestBase -- Assert check is alert present with error text 'Wrong email or password'
20:23:27.561 INFO  manager.TestNGListener -- Success test -->loginUnregisteredUser
20:23:27.562 INFO  tests.TestBase -- ==============================================
20:23:27.565 INFO  tests.TestBase -- Name of method (test) -->loginWrongEmail
20:23:32.580 INFO  manager.TestNGListener -- Start test -->loginWrongEmail
20:23:32.583 INFO  tests.TestBase -- Test data---> email: 'margogmail.com' & password: 'Mmar123456$'
20:23:32.583 INFO  manager.ListenerWD -- Before find element-->By.cssSelector: a[href='/login']
20:23:32.595 INFO  manager.ListenerWD -- After find element-->By.cssSelector: a[href='/login']
20:23:32.599 INFO  manager.ListenerWD -- Location of element-->a
20:23:32.613 INFO  manager.ListenerWD -- Before click element -->atext-->LOGIN
20:23:32.658 INFO  manager.ListenerWD -- After click element -->a
20:23:32.658 INFO  manager.HelperBase -- open form by click on button with locator a[href='/login']
20:23:32.658 INFO  manager.ListenerWD -- Before find element-->By.name: email
20:23:32.668 INFO  manager.ListenerWD -- After find element-->By.name: email
20:23:32.672 INFO  manager.ListenerWD -- Location of element-->input
20:23:32.680 INFO  manager.ListenerWD -- Before click element -->inputtext-->
20:23:32.724 INFO  manager.ListenerWD -- After click element -->input
20:23:32.749 INFO  manager.ListenerWD -- sendKeyds-->
20:23:32.753 INFO  manager.ListenerWD -- sendKeyds_TagName-->input
20:23:32.790 INFO  manager.ListenerWD -- sendKeyds-->
20:23:32.795 INFO  manager.ListenerWD -- sendKeyds_TagName-->input
20:23:32.819 INFO  manager.ListenerWD -- sendKeyds-->
20:23:32.822 INFO  manager.ListenerWD -- sendKeyds_TagName-->input
20:23:32.845 INFO  manager.HelperBase -- type in input with locator By.name("email") 
20:23:32.845 INFO  manager.ListenerWD -- Before find element-->By.xpath: //input[@placeholder='Password']
20:23:32.860 INFO  manager.ListenerWD -- After find element-->By.xpath: //input[@placeholder='Password']
20:23:32.864 INFO  manager.ListenerWD -- Location of element-->input
20:23:32.874 INFO  manager.ListenerWD -- Before click element -->inputtext-->
20:23:32.914 INFO  manager.ListenerWD -- After click element -->input
20:23:32.936 INFO  manager.ListenerWD -- sendKeyds-->
20:23:32.939 INFO  manager.ListenerWD -- sendKeyds_TagName-->input
20:23:32.976 INFO  manager.ListenerWD -- sendKeyds-->
20:23:32.979 INFO  manager.ListenerWD -- sendKeyds_TagName-->input
20:23:33.000 INFO  manager.ListenerWD -- sendKeyds-->
20:23:33.006 INFO  manager.ListenerWD -- sendKeyds_TagName-->input
20:23:33.026 INFO  manager.ListenerWD -- Before find element-->By.xpath: //button[text()='Login']
20:23:33.038 INFO  manager.ListenerWD -- After find element-->By.xpath: //button[text()='Login']
20:23:33.042 INFO  manager.ListenerWD -- Location of element-->button
20:23:33.054 INFO  manager.ListenerWD -- Before click element -->buttontext-->Login
20:23:33.101 INFO  manager.ListenerWD -- Huston, we have a problem!
20:23:33.101 INFO  manager.ListenerWD -- Failed method:alert
20:23:33.101 INFO  manager.ListenerWD -- ***************
20:23:33.101 INFO  manager.ListenerWD -- Arguments:null
20:23:33.101 INFO  manager.ListenerWD -- ***************
20:23:33.101 INFO  manager.ListenerWD -- Exception:NoAlertPresentException
20:23:33.101 INFO  manager.ListenerWD -- ***************
20:23:33.101 INFO  manager.ListenerWD -- Messageno such alert
  (Session info: chrome=149.0.7827.103)
Build info: version: '4.26.0', revision: '8ccf0219d7'
System info: os.name: 'Windows 11', os.arch: 'amd64', os.version: '10.0', java.version: '21.0.10'
Driver info: org.openqa.selenium.chrome.ChromeDriver
Command: [0c1ff582a5c691b5a0e1b0fc61062f0d, getAlertText {}]
Capabilities {acceptInsecureCerts: false, browserName: chrome, browserVersion: 149.0.7827.103, chrome: {chromedriverVersion: 149.0.7827.55 (3188f8a607ae..., userDataDir: C:\Users\marii\AppData\Loca...}, fedcm:accounts: true, goog:chromeOptions: {debuggerAddress: localhost:52106}, goog:processID: 15716, networkConnectionEnabled: false, pageLoadStrategy: normal, platformName: windows, proxy: Proxy(), se:cdp: ws://localhost:52106/devtoo..., se:cdpVersion: 149.0.7827.103, setWindowRect: true, strictFileInteractability: false, timeouts: {implicit: 0, pageLoad: 300000, script: 30000}, unhandledPromptBehavior: dismiss and notify, webauthn:extension:credBlob: true, webauthn:extension:largeBlob: true, webauthn:extension:minPinLength: true, webauthn:extension:prf: true, webauthn:virtualAuthenticators: true}
Session ID: 0c1ff582a5c691b5a0e1b0fc61062f0d
20:23:33.101 INFO  manager.ListenerWD -- ***************
20:23:33.101 INFO  manager.ListenerWD -- ***************
20:23:33.101 INFO  manager.ListenerWD -- Screen with error is--->src/test/screenshots/screen_1146.png
20:23:33.636 INFO  tests.TestBase -- Assert check is alert present with error text 'Wrong email or password'
20:23:33.638 INFO  manager.TestNGListener -- Success test -->loginWrongEmail
20:23:33.638 INFO  tests.TestBase -- ==============================================
20:23:33.641 INFO  tests.TestBase -- Name of method (test) -->loginWrongPassword
20:23:38.700 INFO  manager.TestNGListener -- Start test -->loginWrongPassword
20:23:38.703 INFO  tests.TestBase -- Test data---> email: 'margo@gmail.com' & password: 'Mmar123'
20:23:38.703 INFO  manager.ListenerWD -- Before find element-->By.cssSelector: a[href='/login']
20:23:38.718 INFO  manager.ListenerWD -- After find element-->By.cssSelector: a[href='/login']
20:23:38.722 INFO  manager.ListenerWD -- Location of element-->a
20:23:38.730 INFO  manager.ListenerWD -- Before click element -->atext-->LOGIN
20:23:38.772 INFO  manager.ListenerWD -- After click element -->a
20:23:38.772 INFO  manager.HelperBase -- open form by click on button with locator a[href='/login']
20:23:38.773 INFO  manager.ListenerWD -- Before find element-->By.name: email
20:23:38.784 INFO  manager.ListenerWD -- After find element-->By.name: email
20:23:38.788 INFO  manager.ListenerWD -- Location of element-->input
20:23:38.796 INFO  manager.ListenerWD -- Before click element -->inputtext-->
20:23:38.841 INFO  manager.ListenerWD -- After click element -->input
20:23:38.868 INFO  manager.ListenerWD -- sendKeyds-->
20:23:38.871 INFO  manager.ListenerWD -- sendKeyds_TagName-->input
20:23:38.912 INFO  manager.ListenerWD -- sendKeyds-->
20:23:38.917 INFO  manager.ListenerWD -- sendKeyds_TagName-->input
20:23:38.939 INFO  manager.ListenerWD -- sendKeyds-->
20:23:38.942 INFO  manager.ListenerWD -- sendKeyds_TagName-->input
20:23:38.966 INFO  manager.HelperBase -- type in input with locator By.name("email") 
20:23:38.966 INFO  manager.ListenerWD -- Before find element-->By.xpath: //input[@placeholder='Password']
20:23:38.977 INFO  manager.ListenerWD -- After find element-->By.xpath: //input[@placeholder='Password']
20:23:38.981 INFO  manager.ListenerWD -- Location of element-->input
20:23:38.990 INFO  manager.ListenerWD -- Before click element -->inputtext-->
20:23:39.032 INFO  manager.ListenerWD -- After click element -->input
20:23:39.056 INFO  manager.ListenerWD -- sendKeyds-->
20:23:39.061 INFO  manager.ListenerWD -- sendKeyds_TagName-->input
20:23:39.104 INFO  manager.ListenerWD -- sendKeyds-->
20:23:39.108 INFO  manager.ListenerWD -- sendKeyds_TagName-->input
20:23:39.132 INFO  manager.ListenerWD -- sendKeyds-->
20:23:39.136 INFO  manager.ListenerWD -- sendKeyds_TagName-->input
20:23:39.156 INFO  manager.ListenerWD -- Before find element-->By.xpath: //button[text()='Login']
20:23:39.169 INFO  manager.ListenerWD -- After find element-->By.xpath: //button[text()='Login']
20:23:39.174 INFO  manager.ListenerWD -- Location of element-->button
20:23:39.183 INFO  manager.ListenerWD -- Before click element -->buttontext-->Login
20:23:39.237 INFO  manager.ListenerWD -- Huston, we have a problem!
20:23:39.237 INFO  manager.ListenerWD -- Failed method:alert
20:23:39.237 INFO  manager.ListenerWD -- ***************
20:23:39.237 INFO  manager.ListenerWD -- Arguments:null
20:23:39.237 INFO  manager.ListenerWD -- ***************
20:23:39.237 INFO  manager.ListenerWD -- Exception:NoAlertPresentException
20:23:39.237 INFO  manager.ListenerWD -- ***************
20:23:39.237 INFO  manager.ListenerWD -- Messageno such alert
  (Session info: chrome=149.0.7827.103)
Build info: version: '4.26.0', revision: '8ccf0219d7'
System info: os.name: 'Windows 11', os.arch: 'amd64', os.version: '10.0', java.version: '21.0.10'
Driver info: org.openqa.selenium.chrome.ChromeDriver
Command: [0c1ff582a5c691b5a0e1b0fc61062f0d, getAlertText {}]
Capabilities {acceptInsecureCerts: false, browserName: chrome, browserVersion: 149.0.7827.103, chrome: {chromedriverVersion: 149.0.7827.55 (3188f8a607ae..., userDataDir: C:\Users\marii\AppData\Loca...}, fedcm:accounts: true, goog:chromeOptions: {debuggerAddress: localhost:52106}, goog:processID: 15716, networkConnectionEnabled: false, pageLoadStrategy: normal, platformName: windows, proxy: Proxy(), se:cdp: ws://localhost:52106/devtoo..., se:cdpVersion: 149.0.7827.103, setWindowRect: true, strictFileInteractability: false, timeouts: {implicit: 0, pageLoad: 300000, script: 30000}, unhandledPromptBehavior: dismiss and notify, webauthn:extension:credBlob: true, webauthn:extension:largeBlob: true, webauthn:extension:minPinLength: true, webauthn:extension:prf: true, webauthn:virtualAuthenticators: true}
Session ID: 0c1ff582a5c691b5a0e1b0fc61062f0d
20:23:39.237 INFO  manager.ListenerWD -- ***************
20:23:39.238 INFO  manager.ListenerWD -- ***************
20:23:39.238 INFO  manager.ListenerWD -- Screen with error is--->src/test/screenshots/screen_1536.png
20:23:39.758 INFO  tests.TestBase -- Assert check is alert present with error text 'Wrong email or password'
20:23:39.759 INFO  manager.TestNGListener -- Success test -->loginWrongPassword
20:23:39.760 INFO  tests.TestBase -- ==============================================
20:23:39.762 INFO  tests.TestBase -- Name of method (test) -->registrationExistsUser
20:23:44.782 INFO  manager.TestNGListener -- Start test -->registrationExistsUser
20:23:44.785 INFO  manager.ListenerWD -- Before find element-->By.cssSelector: a[href='/login']
20:23:44.798 INFO  manager.ListenerWD -- After find element-->By.cssSelector: a[href='/login']
20:23:44.803 INFO  manager.ListenerWD -- Location of element-->a
20:23:44.811 INFO  manager.ListenerWD -- Before click element -->atext-->LOGIN
20:23:44.852 INFO  manager.ListenerWD -- After click element -->a
20:23:44.852 INFO  manager.HelperBase -- open form by click on button with locator a[href='/login']
20:23:44.852 INFO  manager.ListenerWD -- Before find element-->By.name: email
20:23:44.864 INFO  manager.ListenerWD -- After find element-->By.name: email
20:23:44.869 INFO  manager.ListenerWD -- Location of element-->input
20:23:44.876 INFO  manager.ListenerWD -- Before click element -->inputtext-->
20:23:44.917 INFO  manager.ListenerWD -- After click element -->input
20:23:44.939 INFO  manager.ListenerWD -- sendKeyds-->
20:23:44.941 INFO  manager.ListenerWD -- sendKeyds_TagName-->input
20:23:44.974 INFO  manager.ListenerWD -- sendKeyds-->
20:23:44.977 INFO  manager.ListenerWD -- sendKeyds_TagName-->input
20:23:45.001 INFO  manager.ListenerWD -- sendKeyds-->
20:23:45.004 INFO  manager.ListenerWD -- sendKeyds_TagName-->input
20:23:45.028 INFO  manager.ListenerWD -- Before find element-->By.xpath: //input[@placeholder='Password']
20:23:45.042 INFO  manager.ListenerWD -- After find element-->By.xpath: //input[@placeholder='Password']
20:23:45.046 INFO  manager.ListenerWD -- Location of element-->input
20:23:45.058 INFO  manager.ListenerWD -- Before click element -->inputtext-->
20:23:45.095 INFO  manager.ListenerWD -- After click element -->input
20:23:45.118 INFO  manager.ListenerWD -- sendKeyds-->
20:23:45.121 INFO  manager.ListenerWD -- sendKeyds_TagName-->input
20:23:45.155 INFO  manager.ListenerWD -- sendKeyds-->
20:23:45.158 INFO  manager.ListenerWD -- sendKeyds_TagName-->input
20:23:45.179 INFO  manager.ListenerWD -- sendKeyds-->
20:23:45.185 INFO  manager.ListenerWD -- sendKeyds_TagName-->input
20:23:45.207 INFO  manager.ListenerWD -- Before find element-->By.xpath: //button[text()='Registration']
20:23:45.222 INFO  manager.ListenerWD -- After find element-->By.xpath: //button[text()='Registration']
20:23:45.227 INFO  manager.ListenerWD -- Location of element-->button
20:23:45.239 INFO  manager.ListenerWD -- Before click element -->buttontext-->Registration
20:23:45.292 INFO  manager.ListenerWD -- Huston, we have a problem!
20:23:45.292 INFO  manager.ListenerWD -- Failed method:alert
20:23:45.292 INFO  manager.ListenerWD -- ***************
20:23:45.292 INFO  manager.ListenerWD -- Arguments:null
20:23:45.292 INFO  manager.ListenerWD -- ***************
20:23:45.292 INFO  manager.ListenerWD -- Exception:NoAlertPresentException
20:23:45.292 INFO  manager.ListenerWD -- ***************
20:23:45.292 INFO  manager.ListenerWD -- Messageno such alert
  (Session info: chrome=149.0.7827.103)
Build info: version: '4.26.0', revision: '8ccf0219d7'
System info: os.name: 'Windows 11', os.arch: 'amd64', os.version: '10.0', java.version: '21.0.10'
Driver info: org.openqa.selenium.chrome.ChromeDriver
Command: [0c1ff582a5c691b5a0e1b0fc61062f0d, getAlertText {}]
Capabilities {acceptInsecureCerts: false, browserName: chrome, browserVersion: 149.0.7827.103, chrome: {chromedriverVersion: 149.0.7827.55 (3188f8a607ae..., userDataDir: C:\Users\marii\AppData\Loca...}, fedcm:accounts: true, goog:chromeOptions: {debuggerAddress: localhost:52106}, goog:processID: 15716, networkConnectionEnabled: false, pageLoadStrategy: normal, platformName: windows, proxy: Proxy(), se:cdp: ws://localhost:52106/devtoo..., se:cdpVersion: 149.0.7827.103, setWindowRect: true, strictFileInteractability: false, timeouts: {implicit: 0, pageLoad: 300000, script: 30000}, unhandledPromptBehavior: dismiss and notify, webauthn:extension:credBlob: true, webauthn:extension:largeBlob: true, webauthn:extension:minPinLength: true, webauthn:extension:prf: true, webauthn:virtualAuthenticators: true}
Session ID: 0c1ff582a5c691b5a0e1b0fc61062f0d
20:23:45.292 INFO  manager.ListenerWD -- ***************
20:23:45.292 INFO  manager.ListenerWD -- ***************
20:23:45.292 INFO  manager.ListenerWD -- Screen with error is--->src/test/screenshots/screen_1406.png
20:23:45.824 INFO  manager.TestNGListener -- Success test -->registrationExistsUser
20:23:45.825 INFO  tests.TestBase -- ==============================================
20:23:45.828 INFO  tests.TestBase -- Name of method (test) -->registrationSuccess
20:23:50.898 INFO  manager.TestNGListener -- Start test -->registrationSuccess
20:23:50.901 INFO  manager.ListenerWD -- Before find element-->By.cssSelector: a[href='/login']
20:23:50.914 INFO  manager.ListenerWD -- After find element-->By.cssSelector: a[href='/login']
20:23:50.918 INFO  manager.ListenerWD -- Location of element-->a
20:23:50.926 INFO  manager.ListenerWD -- Before click element -->atext-->LOGIN
20:23:50.969 INFO  manager.ListenerWD -- After click element -->a
20:23:50.969 INFO  manager.HelperBase -- open form by click on button with locator a[href='/login']
20:23:50.969 INFO  manager.ListenerWD -- Before find element-->By.name: email
20:23:50.981 INFO  manager.ListenerWD -- After find element-->By.name: email
20:23:50.985 INFO  manager.ListenerWD -- Location of element-->input
20:23:50.995 INFO  manager.ListenerWD -- Before click element -->inputtext-->
20:23:51.039 INFO  manager.ListenerWD -- After click element -->input
20:23:51.060 INFO  manager.ListenerWD -- sendKeyds-->
20:23:51.064 INFO  manager.ListenerWD -- sendKeyds_TagName-->input
20:23:51.105 INFO  manager.ListenerWD -- sendKeyds-->
20:23:51.109 INFO  manager.ListenerWD -- sendKeyds_TagName-->input
20:23:51.132 INFO  manager.ListenerWD -- sendKeyds-->
20:23:51.136 INFO  manager.ListenerWD -- sendKeyds_TagName-->input
20:23:51.161 INFO  manager.ListenerWD -- Before find element-->By.xpath: //input[@placeholder='Password']
20:23:51.174 INFO  manager.ListenerWD -- After find element-->By.xpath: //input[@placeholder='Password']
20:23:51.178 INFO  manager.ListenerWD -- Location of element-->input
20:23:51.188 INFO  manager.ListenerWD -- Before click element -->inputtext-->
20:23:51.231 INFO  manager.ListenerWD -- After click element -->input
20:23:51.255 INFO  manager.ListenerWD -- sendKeyds-->
20:23:51.258 INFO  manager.ListenerWD -- sendKeyds_TagName-->input
20:23:51.292 INFO  manager.ListenerWD -- sendKeyds-->
20:23:51.295 INFO  manager.ListenerWD -- sendKeyds_TagName-->input
20:23:51.320 INFO  manager.ListenerWD -- sendKeyds-->
20:23:51.322 INFO  manager.ListenerWD -- sendKeyds_TagName-->input
20:23:51.343 INFO  manager.ListenerWD -- Before find element-->By.xpath: //button[text()='Registration']
20:23:51.355 INFO  manager.ListenerWD -- After find element-->By.xpath: //button[text()='Registration']
20:23:51.359 INFO  manager.ListenerWD -- Location of element-->button
20:23:51.367 INFO  manager.ListenerWD -- Before click element -->buttontext-->Registration
20:23:51.735 INFO  manager.ListenerWD -- Before find element-->By.cssSelector: .contact-page_message__2qafk>h1
20:23:51.944 INFO  manager.ListenerWD -- After find element-->By.cssSelector: .contact-page_message__2qafk>h1
20:23:51.948 INFO  manager.ListenerWD -- Location of element-->h1
20:23:51.957 INFO  manager.TestNGListener -- Success test -->registrationSuccess
20:23:51.958 INFO  tests.TestBase -- ==============================================
20:23:51.962 INFO  tests.TestBase -- Name of method (test) -->registrationWrongEmail
20:23:51.977 INFO  manager.ListenerWD -- Before find element-->By.xpath: //button[text()='Sign Out']
20:23:51.990 INFO  manager.ListenerWD -- After find element-->By.xpath: //button[text()='Sign Out']
20:23:51.994 INFO  manager.ListenerWD -- Location of element-->button
20:23:52.003 INFO  manager.ListenerWD -- Before click element -->buttontext-->Sign Out
20:23:52.045 INFO  manager.TestNGListener -- Start test -->registrationWrongEmail
20:23:52.047 INFO  manager.ListenerWD -- Before find element-->By.cssSelector: a[href='/login']
20:23:52.059 INFO  manager.ListenerWD -- After find element-->By.cssSelector: a[href='/login']
20:23:52.064 INFO  manager.ListenerWD -- Location of element-->a
20:23:52.074 INFO  manager.ListenerWD -- Before click element -->atext-->LOGIN
20:23:52.111 INFO  manager.ListenerWD -- After click element -->a
20:23:52.111 INFO  manager.HelperBase -- open form by click on button with locator a[href='/login']
20:23:52.113 INFO  manager.ListenerWD -- Before find element-->By.name: email
20:23:52.126 INFO  manager.ListenerWD -- After find element-->By.name: email
20:23:52.131 INFO  manager.ListenerWD -- Location of element-->input
20:23:52.141 INFO  manager.ListenerWD -- Before click element -->inputtext-->
20:23:52.206 INFO  manager.ListenerWD -- After click element -->input
20:23:52.230 INFO  manager.ListenerWD -- sendKeyds-->
20:23:52.234 INFO  manager.ListenerWD -- sendKeyds_TagName-->input
20:23:52.258 INFO  manager.ListenerWD -- sendKeyds-->
20:23:52.261 INFO  manager.ListenerWD -- sendKeyds_TagName-->input
20:23:52.290 INFO  manager.ListenerWD -- sendKeyds-->
20:23:52.295 INFO  manager.ListenerWD -- sendKeyds_TagName-->input
20:23:52.323 INFO  manager.ListenerWD -- Before find element-->By.xpath: //input[@placeholder='Password']
20:23:52.337 INFO  manager.ListenerWD -- After find element-->By.xpath: //input[@placeholder='Password']
20:23:52.342 INFO  manager.ListenerWD -- Location of element-->input
20:23:52.351 INFO  manager.ListenerWD -- Before click element -->inputtext-->
20:23:52.392 INFO  manager.ListenerWD -- After click element -->input
20:23:52.416 INFO  manager.ListenerWD -- sendKeyds-->
20:23:52.419 INFO  manager.ListenerWD -- sendKeyds_TagName-->input
20:23:52.444 INFO  manager.ListenerWD -- sendKeyds-->
20:23:52.447 INFO  manager.ListenerWD -- sendKeyds_TagName-->input
20:23:52.472 INFO  manager.ListenerWD -- sendKeyds-->
20:23:52.476 INFO  manager.ListenerWD -- sendKeyds_TagName-->input
20:23:52.503 INFO  manager.ListenerWD -- Before find element-->By.xpath: //button[text()='Registration']
20:23:52.518 INFO  manager.ListenerWD -- After find element-->By.xpath: //button[text()='Registration']
20:23:52.521 INFO  manager.ListenerWD -- Location of element-->button
20:23:52.532 INFO  manager.ListenerWD -- Before click element -->buttontext-->Registration
20:23:52.580 INFO  manager.ListenerWD -- Huston, we have a problem!
20:23:52.580 INFO  manager.ListenerWD -- Failed method:alert
20:23:52.580 INFO  manager.ListenerWD -- ***************
20:23:52.580 INFO  manager.ListenerWD -- Arguments:null
20:23:52.580 INFO  manager.ListenerWD -- ***************
20:23:52.580 INFO  manager.ListenerWD -- Exception:NoAlertPresentException
20:23:52.580 INFO  manager.ListenerWD -- ***************
20:23:52.581 INFO  manager.ListenerWD -- Messageno such alert
  (Session info: chrome=149.0.7827.103)
Build info: version: '4.26.0', revision: '8ccf0219d7'
System info: os.name: 'Windows 11', os.arch: 'amd64', os.version: '10.0', java.version: '21.0.10'
Driver info: org.openqa.selenium.chrome.ChromeDriver
Command: [0c1ff582a5c691b5a0e1b0fc61062f0d, getAlertText {}]
Capabilities {acceptInsecureCerts: false, browserName: chrome, browserVersion: 149.0.7827.103, chrome: {chromedriverVersion: 149.0.7827.55 (3188f8a607ae..., userDataDir: C:\Users\marii\AppData\Loca...}, fedcm:accounts: true, goog:chromeOptions: {debuggerAddress: localhost:52106}, goog:processID: 15716, networkConnectionEnabled: false, pageLoadStrategy: normal, platformName: windows, proxy: Proxy(), se:cdp: ws://localhost:52106/devtoo..., se:cdpVersion: 149.0.7827.103, setWindowRect: true, strictFileInteractability: false, timeouts: {implicit: 0, pageLoad: 300000, script: 30000}, unhandledPromptBehavior: dismiss and notify, webauthn:extension:credBlob: true, webauthn:extension:largeBlob: true, webauthn:extension:minPinLength: true, webauthn:extension:prf: true, webauthn:virtualAuthenticators: true}
Session ID: 0c1ff582a5c691b5a0e1b0fc61062f0d
20:23:52.581 INFO  manager.ListenerWD -- ***************
20:23:52.581 INFO  manager.ListenerWD -- ***************
20:23:52.581 INFO  manager.ListenerWD -- Screen with error is--->src/test/screenshots/screen_1243.png
20:23:53.110 INFO  manager.TestNGListener -- Success test -->registrationWrongEmail
20:23:53.111 INFO  tests.TestBase -- ==============================================
20:23:53.115 INFO  tests.TestBase -- Name of method (test) -->registrationWrongPassword
20:23:58.165 INFO  manager.TestNGListener -- Start test -->registrationWrongPassword
20:23:58.167 INFO  manager.ListenerWD -- Before find element-->By.cssSelector: a[href='/login']
20:23:58.177 INFO  manager.ListenerWD -- After find element-->By.cssSelector: a[href='/login']
20:23:58.181 INFO  manager.ListenerWD -- Location of element-->a
20:23:58.192 INFO  manager.ListenerWD -- Before click element -->atext-->LOGIN
20:23:58.239 INFO  manager.ListenerWD -- After click element -->a
20:23:58.239 INFO  manager.HelperBase -- open form by click on button with locator a[href='/login']
20:23:58.239 INFO  manager.ListenerWD -- Before find element-->By.name: email
20:23:58.248 INFO  manager.ListenerWD -- After find element-->By.name: email
20:23:58.253 INFO  manager.ListenerWD -- Location of element-->input
20:23:58.262 INFO  manager.ListenerWD -- Before click element -->inputtext-->
20:23:58.308 INFO  manager.ListenerWD -- After click element -->input
20:23:58.331 INFO  manager.ListenerWD -- sendKeyds-->
20:23:58.335 INFO  manager.ListenerWD -- sendKeyds_TagName-->input
20:23:58.372 INFO  manager.ListenerWD -- sendKeyds-->
20:23:58.375 INFO  manager.ListenerWD -- sendKeyds_TagName-->input
20:23:58.398 INFO  manager.ListenerWD -- sendKeyds-->
20:23:58.402 INFO  manager.ListenerWD -- sendKeyds_TagName-->input
20:23:58.424 INFO  manager.ListenerWD -- Before find element-->By.xpath: //input[@placeholder='Password']
20:23:58.435 INFO  manager.ListenerWD -- After find element-->By.xpath: //input[@placeholder='Password']
20:23:58.439 INFO  manager.ListenerWD -- Location of element-->input
20:23:58.447 INFO  manager.ListenerWD -- Before click element -->inputtext-->
20:23:58.494 INFO  manager.ListenerWD -- After click element -->input
20:23:58.521 INFO  manager.ListenerWD -- sendKeyds-->
20:23:58.525 INFO  manager.ListenerWD -- sendKeyds_TagName-->input
20:23:58.566 INFO  manager.ListenerWD -- sendKeyds-->
20:23:58.570 INFO  manager.ListenerWD -- sendKeyds_TagName-->input
20:23:58.599 INFO  manager.ListenerWD -- sendKeyds-->
20:23:58.606 INFO  manager.ListenerWD -- sendKeyds_TagName-->input
20:23:58.635 INFO  manager.ListenerWD -- Before find element-->By.xpath: //button[text()='Registration']
20:23:58.648 INFO  manager.ListenerWD -- After find element-->By.xpath: //button[text()='Registration']
20:23:58.655 INFO  manager.ListenerWD -- Location of element-->button
20:23:58.668 INFO  manager.ListenerWD -- Before click element -->buttontext-->Registration
20:23:58.738 INFO  manager.ListenerWD -- Huston, we have a problem!
20:23:58.738 INFO  manager.ListenerWD -- Failed method:alert
20:23:58.739 INFO  manager.ListenerWD -- ***************
20:23:58.739 INFO  manager.ListenerWD -- Arguments:null
20:23:58.739 INFO  manager.ListenerWD -- ***************
20:23:58.739 INFO  manager.ListenerWD -- Exception:NoAlertPresentException
20:23:58.739 INFO  manager.ListenerWD -- ***************
20:23:58.739 INFO  manager.ListenerWD -- Messageno such alert
  (Session info: chrome=149.0.7827.103)
Build info: version: '4.26.0', revision: '8ccf0219d7'
System info: os.name: 'Windows 11', os.arch: 'amd64', os.version: '10.0', java.version: '21.0.10'
Driver info: org.openqa.selenium.chrome.ChromeDriver
Command: [0c1ff582a5c691b5a0e1b0fc61062f0d, getAlertText {}]
Capabilities {acceptInsecureCerts: false, browserName: chrome, browserVersion: 149.0.7827.103, chrome: {chromedriverVersion: 149.0.7827.55 (3188f8a607ae..., userDataDir: C:\Users\marii\AppData\Loca...}, fedcm:accounts: true, goog:chromeOptions: {debuggerAddress: localhost:52106}, goog:processID: 15716, networkConnectionEnabled: false, pageLoadStrategy: normal, platformName: windows, proxy: Proxy(), se:cdp: ws://localhost:52106/devtoo..., se:cdpVersion: 149.0.7827.103, setWindowRect: true, strictFileInteractability: false, timeouts: {implicit: 0, pageLoad: 300000, script: 30000}, unhandledPromptBehavior: dismiss and notify, webauthn:extension:credBlob: true, webauthn:extension:largeBlob: true, webauthn:extension:minPinLength: true, webauthn:extension:prf: true, webauthn:virtualAuthenticators: true}
Session ID: 0c1ff582a5c691b5a0e1b0fc61062f0d
20:23:58.739 INFO  manager.ListenerWD -- ***************
20:23:58.739 INFO  manager.ListenerWD -- ***************
20:23:58.739 INFO  manager.ListenerWD -- Screen with error is--->src/test/screenshots/screen_1134.png
20:23:59.268 INFO  manager.TestNGListener -- Success test -->registrationWrongPassword
20:23:59.269 INFO  tests.TestBase -- ==============================================
20:23:59.272 INFO  tests.TestBase -- Name of method (test) -->removeAllContacts
20:24:04.300 INFO  manager.ListenerWD -- Before find element-->By.cssSelector: a[href='/login']
20:24:04.321 INFO  manager.ListenerWD -- After find element-->By.cssSelector: a[href='/login']
20:24:04.328 INFO  manager.ListenerWD -- Location of element-->a
20:24:04.343 INFO  manager.ListenerWD -- Before click element -->atext-->LOGIN
20:24:04.392 INFO  manager.ListenerWD -- After click element -->a
20:24:04.392 INFO  manager.HelperBase -- open form by click on button with locator a[href='/login']
20:24:04.392 INFO  manager.ListenerWD -- Before find element-->By.name: email
20:24:04.405 INFO  manager.ListenerWD -- After find element-->By.name: email
20:24:04.410 INFO  manager.ListenerWD -- Location of element-->input
20:24:04.420 INFO  manager.ListenerWD -- Before click element -->inputtext-->
20:24:04.479 INFO  manager.ListenerWD -- After click element -->input
20:24:04.508 INFO  manager.ListenerWD -- sendKeyds-->
20:24:04.512 INFO  manager.ListenerWD -- sendKeyds_TagName-->input
20:24:04.567 INFO  manager.ListenerWD -- sendKeyds-->
20:24:04.572 INFO  manager.ListenerWD -- sendKeyds_TagName-->input
20:24:04.601 INFO  manager.ListenerWD -- sendKeyds-->
20:24:04.605 INFO  manager.ListenerWD -- sendKeyds_TagName-->input
20:24:04.630 INFO  manager.ListenerWD -- Before find element-->By.xpath: //input[@placeholder='Password']
20:24:04.642 INFO  manager.ListenerWD -- After find element-->By.xpath: //input[@placeholder='Password']
20:24:04.648 INFO  manager.ListenerWD -- Location of element-->input
20:24:04.661 INFO  manager.ListenerWD -- Before click element -->inputtext-->
20:24:04.711 INFO  manager.ListenerWD -- After click element -->input
20:24:04.738 INFO  manager.ListenerWD -- sendKeyds-->
20:24:04.743 INFO  manager.ListenerWD -- sendKeyds_TagName-->input
20:24:04.790 INFO  manager.ListenerWD -- sendKeyds-->
20:24:04.794 INFO  manager.ListenerWD -- sendKeyds_TagName-->input
20:24:04.818 INFO  manager.ListenerWD -- sendKeyds-->
20:24:04.821 INFO  manager.ListenerWD -- sendKeyds_TagName-->input
20:24:04.846 INFO  manager.ListenerWD -- Before find element-->By.xpath: //button[text()='Login']
20:24:04.858 INFO  manager.ListenerWD -- After find element-->By.xpath: //button[text()='Login']
20:24:04.864 INFO  manager.ListenerWD -- Location of element-->button
20:24:04.875 INFO  manager.ListenerWD -- Before click element -->buttontext-->Login
20:24:05.419 INFO  manager.ListenerWD -- Before find element-->By.cssSelector: a[href='/add']
20:24:05.433 INFO  manager.ListenerWD -- After find element-->By.cssSelector: a[href='/add']
20:24:05.438 INFO  manager.ListenerWD -- Location of element-->a
20:24:05.447 INFO  manager.ListenerWD -- Before click element -->atext-->ADD
20:24:05.494 INFO  manager.ListenerWD -- After click element -->a
20:24:05.494 INFO  manager.ListenerWD -- Before find element-->By.cssSelector: [placeholder='Name']
20:24:05.508 INFO  manager.ListenerWD -- After find element-->By.cssSelector: [placeholder='Name']
20:24:05.511 INFO  manager.ListenerWD -- Location of element-->input
20:24:05.520 INFO  manager.ListenerWD -- Before click element -->inputtext-->
20:24:05.562 INFO  manager.ListenerWD -- After click element -->input
20:24:05.584 INFO  manager.ListenerWD -- sendKeyds-->
20:24:05.588 INFO  manager.ListenerWD -- sendKeyds_TagName-->input
20:24:05.610 INFO  manager.ListenerWD -- sendKeyds-->
20:24:05.614 INFO  manager.ListenerWD -- sendKeyds_TagName-->input
20:24:05.637 INFO  manager.ListenerWD -- sendKeyds-->
20:24:05.639 INFO  manager.ListenerWD -- sendKeyds_TagName-->input
20:24:05.659 INFO  manager.ListenerWD -- Before find element-->By.cssSelector: [placeholder='Last Name']
20:24:05.674 INFO  manager.ListenerWD -- After find element-->By.cssSelector: [placeholder='Last Name']
20:24:05.677 INFO  manager.ListenerWD -- Location of element-->input
20:24:05.688 INFO  manager.ListenerWD -- Before click element -->inputtext-->
20:24:05.730 INFO  manager.ListenerWD -- After click element -->input
20:24:05.755 INFO  manager.ListenerWD -- sendKeyds-->
20:24:05.760 INFO  manager.ListenerWD -- sendKeyds_TagName-->input
20:24:05.782 INFO  manager.ListenerWD -- sendKeyds-->
20:24:05.786 INFO  manager.ListenerWD -- sendKeyds_TagName-->input
20:24:05.807 INFO  manager.ListenerWD -- sendKeyds-->
20:24:05.810 INFO  manager.ListenerWD -- sendKeyds_TagName-->input
20:24:05.829 INFO  manager.ListenerWD -- Before find element-->By.cssSelector: [placeholder='Phone']
20:24:05.844 INFO  manager.ListenerWD -- After find element-->By.cssSelector: [placeholder='Phone']
20:24:05.849 INFO  manager.ListenerWD -- Location of element-->input
20:24:05.857 INFO  manager.ListenerWD -- Before click element -->inputtext-->
20:24:05.898 INFO  manager.ListenerWD -- After click element -->input
20:24:05.920 INFO  manager.ListenerWD -- sendKeyds-->
20:24:05.923 INFO  manager.ListenerWD -- sendKeyds_TagName-->input
20:24:05.946 INFO  manager.ListenerWD -- sendKeyds-->
20:24:05.949 INFO  manager.ListenerWD -- sendKeyds_TagName-->input
20:24:05.972 INFO  manager.ListenerWD -- sendKeyds-->
20:24:05.977 INFO  manager.ListenerWD -- sendKeyds_TagName-->input
20:24:05.996 INFO  manager.ListenerWD -- Before find element-->By.cssSelector: [placeholder='email']
20:24:06.008 INFO  manager.ListenerWD -- After find element-->By.cssSelector: [placeholder='email']
20:24:06.012 INFO  manager.ListenerWD -- Location of element-->input
20:24:06.020 INFO  manager.ListenerWD -- Before click element -->inputtext-->
20:24:06.061 INFO  manager.ListenerWD -- After click element -->input
20:24:06.085 INFO  manager.ListenerWD -- sendKeyds-->
20:24:06.088 INFO  manager.ListenerWD -- sendKeyds_TagName-->input
20:24:06.111 INFO  manager.ListenerWD -- sendKeyds-->
20:24:06.116 INFO  manager.ListenerWD -- sendKeyds_TagName-->input
20:24:06.138 INFO  manager.ListenerWD -- sendKeyds-->
20:24:06.141 INFO  manager.ListenerWD -- sendKeyds_TagName-->input
20:24:06.168 INFO  manager.ListenerWD -- Before find element-->By.cssSelector: [placeholder='Address']
20:24:06.181 INFO  manager.ListenerWD -- After find element-->By.cssSelector: [placeholder='Address']
20:24:06.185 INFO  manager.ListenerWD -- Location of element-->input
20:24:06.196 INFO  manager.ListenerWD -- Before click element -->inputtext-->
20:24:06.238 INFO  manager.ListenerWD -- After click element -->input
20:24:06.262 INFO  manager.ListenerWD -- sendKeyds-->
20:24:06.267 INFO  manager.ListenerWD -- sendKeyds_TagName-->input
20:24:06.289 INFO  manager.ListenerWD -- sendKeyds-->
20:24:06.292 INFO  manager.ListenerWD -- sendKeyds_TagName-->input
20:24:06.314 INFO  manager.ListenerWD -- sendKeyds-->
20:24:06.317 INFO  manager.ListenerWD -- sendKeyds_TagName-->input
20:24:06.337 INFO  manager.ListenerWD -- Before find element-->By.cssSelector: [placeholder='description']
20:24:06.350 INFO  manager.ListenerWD -- After find element-->By.cssSelector: [placeholder='description']
20:24:06.353 INFO  manager.ListenerWD -- Location of element-->input
20:24:06.360 INFO  manager.ListenerWD -- Before click element -->inputtext-->
20:24:06.407 INFO  manager.ListenerWD -- After click element -->input
20:24:06.432 INFO  manager.ListenerWD -- sendKeyds-->
20:24:06.436 INFO  manager.ListenerWD -- sendKeyds_TagName-->input
20:24:06.459 INFO  manager.ListenerWD -- sendKeyds-->
20:24:06.461 INFO  manager.ListenerWD -- sendKeyds_TagName-->input
20:24:06.483 INFO  manager.ListenerWD -- sendKeyds-->
20:24:06.486 INFO  manager.ListenerWD -- sendKeyds_TagName-->input
20:24:06.505 INFO  manager.ListenerWD -- Before find element-->By.cssSelector: .add_form__2rsm2>button
20:24:06.516 INFO  manager.ListenerWD -- After find element-->By.cssSelector: .add_form__2rsm2>button
20:24:06.520 INFO  manager.ListenerWD -- Location of element-->button
20:24:06.528 INFO  manager.ListenerWD -- Before click element -->buttontext-->Save
20:24:06.568 INFO  manager.ListenerWD -- After click element -->button
20:24:07.076 INFO  manager.ListenerWD -- Before find element-->By.cssSelector: a[href='/add']
20:24:07.091 INFO  manager.ListenerWD -- After find element-->By.cssSelector: a[href='/add']
20:24:07.096 INFO  manager.ListenerWD -- Location of element-->a
20:24:07.103 INFO  manager.ListenerWD -- Before click element -->atext-->ADD
20:24:07.156 INFO  manager.ListenerWD -- After click element -->a
20:24:07.156 INFO  manager.ListenerWD -- Before find element-->By.cssSelector: [placeholder='Name']
20:24:07.170 INFO  manager.ListenerWD -- After find element-->By.cssSelector: [placeholder='Name']
20:24:07.176 INFO  manager.ListenerWD -- Location of element-->input
20:24:07.188 INFO  manager.ListenerWD -- Before click element -->inputtext-->
20:24:07.231 INFO  manager.ListenerWD -- After click element -->input
20:24:07.251 INFO  manager.ListenerWD -- sendKeyds-->
20:24:07.255 INFO  manager.ListenerWD -- sendKeyds_TagName-->input
20:24:07.278 INFO  manager.ListenerWD -- sendKeyds-->
20:24:07.281 INFO  manager.ListenerWD -- sendKeyds_TagName-->input
20:24:07.302 INFO  manager.ListenerWD -- sendKeyds-->
20:24:07.305 INFO  manager.ListenerWD -- sendKeyds_TagName-->input
20:24:07.325 INFO  manager.ListenerWD -- Before find element-->By.cssSelector: [placeholder='Last Name']
20:24:07.337 INFO  manager.ListenerWD -- After find element-->By.cssSelector: [placeholder='Last Name']
20:24:07.342 INFO  manager.ListenerWD -- Location of element-->input
20:24:07.353 INFO  manager.ListenerWD -- Before click element -->inputtext-->
20:24:07.395 INFO  manager.ListenerWD -- After click element -->input
20:24:07.419 INFO  manager.ListenerWD -- sendKeyds-->
20:24:07.422 INFO  manager.ListenerWD -- sendKeyds_TagName-->input
20:24:07.446 INFO  manager.ListenerWD -- sendKeyds-->
20:24:07.451 INFO  manager.ListenerWD -- sendKeyds_TagName-->input
20:24:07.477 INFO  manager.ListenerWD -- sendKeyds-->
20:24:07.482 INFO  manager.ListenerWD -- sendKeyds_TagName-->input
20:24:07.503 INFO  manager.ListenerWD -- Before find element-->By.cssSelector: [placeholder='Phone']
20:24:07.515 INFO  manager.ListenerWD -- After find element-->By.cssSelector: [placeholder='Phone']
20:24:07.519 INFO  manager.ListenerWD -- Location of element-->input
20:24:07.527 INFO  manager.ListenerWD -- Before click element -->inputtext-->
20:24:07.568 INFO  manager.ListenerWD -- After click element -->input
20:24:07.589 INFO  manager.ListenerWD -- sendKeyds-->
20:24:07.593 INFO  manager.ListenerWD -- sendKeyds_TagName-->input
20:24:07.617 INFO  manager.ListenerWD -- sendKeyds-->
20:24:07.620 INFO  manager.ListenerWD -- sendKeyds_TagName-->input
20:24:07.647 INFO  manager.ListenerWD -- sendKeyds-->
20:24:07.653 INFO  manager.ListenerWD -- sendKeyds_TagName-->input
20:24:07.674 INFO  manager.ListenerWD -- Before find element-->By.cssSelector: [placeholder='email']
20:24:07.687 INFO  manager.ListenerWD -- After find element-->By.cssSelector: [placeholder='email']
20:24:07.690 INFO  manager.ListenerWD -- Location of element-->input
20:24:07.698 INFO  manager.ListenerWD -- Before click element -->inputtext-->
20:24:07.737 INFO  manager.ListenerWD -- After click element -->input
20:24:07.757 INFO  manager.ListenerWD -- sendKeyds-->
20:24:07.762 INFO  manager.ListenerWD -- sendKeyds_TagName-->input
20:24:07.785 INFO  manager.ListenerWD -- sendKeyds-->
20:24:07.787 INFO  manager.ListenerWD -- sendKeyds_TagName-->input
20:24:07.810 INFO  manager.ListenerWD -- sendKeyds-->
20:24:07.815 INFO  manager.ListenerWD -- sendKeyds_TagName-->input
20:24:07.839 INFO  manager.ListenerWD -- Before find element-->By.cssSelector: [placeholder='Address']
20:24:07.857 INFO  manager.ListenerWD -- After find element-->By.cssSelector: [placeholder='Address']
20:24:07.860 INFO  manager.ListenerWD -- Location of element-->input
20:24:07.869 INFO  manager.ListenerWD -- Before click element -->inputtext-->
20:24:07.908 INFO  manager.ListenerWD -- After click element -->input
20:24:07.928 INFO  manager.ListenerWD -- sendKeyds-->
20:24:07.932 INFO  manager.ListenerWD -- sendKeyds_TagName-->input
20:24:07.955 INFO  manager.ListenerWD -- sendKeyds-->
20:24:07.958 INFO  manager.ListenerWD -- sendKeyds_TagName-->input
20:24:07.980 INFO  manager.ListenerWD -- sendKeyds-->
20:24:07.985 INFO  manager.ListenerWD -- sendKeyds_TagName-->input
20:24:08.002 INFO  manager.ListenerWD -- Before find element-->By.cssSelector: [placeholder='description']
20:24:08.015 INFO  manager.ListenerWD -- After find element-->By.cssSelector: [placeholder='description']
20:24:08.019 INFO  manager.ListenerWD -- Location of element-->input
20:24:08.027 INFO  manager.ListenerWD -- Before click element -->inputtext-->
20:24:08.069 INFO  manager.ListenerWD -- After click element -->input
20:24:08.091 INFO  manager.ListenerWD -- sendKeyds-->
20:24:08.094 INFO  manager.ListenerWD -- sendKeyds_TagName-->input
20:24:08.115 INFO  manager.ListenerWD -- sendKeyds-->
20:24:08.118 INFO  manager.ListenerWD -- sendKeyds_TagName-->input
20:24:08.142 INFO  manager.ListenerWD -- sendKeyds-->
20:24:08.145 INFO  manager.ListenerWD -- sendKeyds_TagName-->input
20:24:08.167 INFO  manager.ListenerWD -- Before find element-->By.cssSelector: .add_form__2rsm2>button
20:24:08.178 INFO  manager.ListenerWD -- After find element-->By.cssSelector: .add_form__2rsm2>button
20:24:08.182 INFO  manager.ListenerWD -- Location of element-->button
20:24:08.191 INFO  manager.ListenerWD -- Before click element -->buttontext-->Save
20:24:08.228 INFO  manager.ListenerWD -- After click element -->button
20:24:08.742 INFO  manager.ListenerWD -- Before find element-->By.cssSelector: a[href='/add']
20:24:08.763 INFO  manager.ListenerWD -- After find element-->By.cssSelector: a[href='/add']
20:24:08.768 INFO  manager.ListenerWD -- Location of element-->a
20:24:08.776 INFO  manager.ListenerWD -- Before click element -->atext-->ADD
20:24:08.821 INFO  manager.ListenerWD -- After click element -->a
20:24:08.822 INFO  manager.ListenerWD -- Before find element-->By.cssSelector: [placeholder='Name']
20:24:08.832 INFO  manager.ListenerWD -- After find element-->By.cssSelector: [placeholder='Name']
20:24:08.837 INFO  manager.ListenerWD -- Location of element-->input
20:24:08.845 INFO  manager.ListenerWD -- Before click element -->inputtext-->
20:24:08.891 INFO  manager.ListenerWD -- After click element -->input
20:24:08.913 INFO  manager.ListenerWD -- sendKeyds-->
20:24:08.918 INFO  manager.ListenerWD -- sendKeyds_TagName-->input
20:24:08.939 INFO  manager.ListenerWD -- sendKeyds-->
20:24:08.942 INFO  manager.ListenerWD -- sendKeyds_TagName-->input
20:24:08.967 INFO  manager.ListenerWD -- sendKeyds-->
20:24:08.970 INFO  manager.ListenerWD -- sendKeyds_TagName-->input
20:24:08.990 INFO  manager.ListenerWD -- Before find element-->By.cssSelector: [placeholder='Last Name']
20:24:09.005 INFO  manager.ListenerWD -- After find element-->By.cssSelector: [placeholder='Last Name']
20:24:09.009 INFO  manager.ListenerWD -- Location of element-->input
20:24:09.019 INFO  manager.ListenerWD -- Before click element -->inputtext-->
20:24:09.061 INFO  manager.ListenerWD -- After click element -->input
20:24:09.082 INFO  manager.ListenerWD -- sendKeyds-->
20:24:09.086 INFO  manager.ListenerWD -- sendKeyds_TagName-->input
20:24:09.111 INFO  manager.ListenerWD -- sendKeyds-->
20:24:09.115 INFO  manager.ListenerWD -- sendKeyds_TagName-->input
20:24:09.137 INFO  manager.ListenerWD -- sendKeyds-->
20:24:09.140 INFO  manager.ListenerWD -- sendKeyds_TagName-->input
20:24:09.158 INFO  manager.ListenerWD -- Before find element-->By.cssSelector: [placeholder='Phone']
20:24:09.170 INFO  manager.ListenerWD -- After find element-->By.cssSelector: [placeholder='Phone']
20:24:09.175 INFO  manager.ListenerWD -- Location of element-->input
20:24:09.184 INFO  manager.ListenerWD -- Before click element -->inputtext-->
20:24:09.223 INFO  manager.ListenerWD -- After click element -->input
20:24:09.244 INFO  manager.ListenerWD -- sendKeyds-->
20:24:09.248 INFO  manager.ListenerWD -- sendKeyds_TagName-->input
20:24:09.272 INFO  manager.ListenerWD -- sendKeyds-->
20:24:09.277 INFO  manager.ListenerWD -- sendKeyds_TagName-->input
20:24:09.302 INFO  manager.ListenerWD -- sendKeyds-->
20:24:09.305 INFO  manager.ListenerWD -- sendKeyds_TagName-->input
20:24:09.329 INFO  manager.ListenerWD -- Before find element-->By.cssSelector: [placeholder='email']
20:24:09.344 INFO  manager.ListenerWD -- After find element-->By.cssSelector: [placeholder='email']
20:24:09.348 INFO  manager.ListenerWD -- Location of element-->input
20:24:09.357 INFO  manager.ListenerWD -- Before click element -->inputtext-->
20:24:09.399 INFO  manager.ListenerWD -- After click element -->input
20:24:09.419 INFO  manager.ListenerWD -- sendKeyds-->
20:24:09.423 INFO  manager.ListenerWD -- sendKeyds_TagName-->input
20:24:09.448 INFO  manager.ListenerWD -- sendKeyds-->
20:24:09.452 INFO  manager.ListenerWD -- sendKeyds_TagName-->input
20:24:09.485 INFO  manager.ListenerWD -- sendKeyds-->
20:24:09.489 INFO  manager.ListenerWD -- sendKeyds_TagName-->input
20:24:09.522 INFO  manager.ListenerWD -- Before find element-->By.cssSelector: [placeholder='Address']
20:24:09.536 INFO  manager.ListenerWD -- After find element-->By.cssSelector: [placeholder='Address']
20:24:09.540 INFO  manager.ListenerWD -- Location of element-->input
20:24:09.553 INFO  manager.ListenerWD -- Before click element -->inputtext-->
20:24:09.604 INFO  manager.ListenerWD -- After click element -->input
20:24:09.624 INFO  manager.ListenerWD -- sendKeyds-->
20:24:09.627 INFO  manager.ListenerWD -- sendKeyds_TagName-->input
20:24:09.649 INFO  manager.ListenerWD -- sendKeyds-->
20:24:09.653 INFO  manager.ListenerWD -- sendKeyds_TagName-->input
20:24:09.676 INFO  manager.ListenerWD -- sendKeyds-->
20:24:09.680 INFO  manager.ListenerWD -- sendKeyds_TagName-->input
20:24:09.699 INFO  manager.ListenerWD -- Before find element-->By.cssSelector: [placeholder='description']
20:24:09.710 INFO  manager.ListenerWD -- After find element-->By.cssSelector: [placeholder='description']
20:24:09.715 INFO  manager.ListenerWD -- Location of element-->input
20:24:09.722 INFO  manager.ListenerWD -- Before click element -->inputtext-->
20:24:09.775 INFO  manager.ListenerWD -- After click element -->input
20:24:09.800 INFO  manager.ListenerWD -- sendKeyds-->
20:24:09.804 INFO  manager.ListenerWD -- sendKeyds_TagName-->input
20:24:09.827 INFO  manager.ListenerWD -- sendKeyds-->
20:24:09.832 INFO  manager.ListenerWD -- sendKeyds_TagName-->input
20:24:09.856 INFO  manager.ListenerWD -- sendKeyds-->
20:24:09.859 INFO  manager.ListenerWD -- sendKeyds_TagName-->input
20:24:09.878 INFO  manager.ListenerWD -- Before find element-->By.cssSelector: .add_form__2rsm2>button
20:24:09.889 INFO  manager.ListenerWD -- After find element-->By.cssSelector: .add_form__2rsm2>button
20:24:09.892 INFO  manager.ListenerWD -- Location of element-->button
20:24:09.902 INFO  manager.ListenerWD -- Before click element -->buttontext-->Save
20:24:09.935 INFO  manager.ListenerWD -- After click element -->button
20:24:10.440 INFO  manager.TestNGListener -- Start test -->removeAllContacts
20:24:10.484 INFO  manager.ListenerWD -- Before find element-->By.cssSelector: .contact-item_card__2SOIM
20:24:10.497 INFO  manager.ListenerWD -- After find element-->By.cssSelector: .contact-item_card__2SOIM
20:24:10.503 INFO  manager.ListenerWD -- Location of element-->div
20:24:10.512 INFO  manager.ListenerWD -- Before click element -->divtext-->Harry
555667771643
20:24:10.558 INFO  manager.ListenerWD -- After click element -->div
20:24:10.558 INFO  manager.ListenerWD -- Before find element-->By.xpath: //button[text()='Remove']
20:24:10.571 INFO  manager.ListenerWD -- After find element-->By.xpath: //button[text()='Remove']
20:24:10.575 INFO  manager.ListenerWD -- Location of element-->button
20:24:10.584 INFO  manager.ListenerWD -- Before click element -->buttontext-->Remove
20:24:10.623 INFO  manager.ListenerWD -- After click element -->button
20:24:11.669 INFO  manager.ListenerWD -- Before find element-->By.cssSelector: .contact-item_card__2SOIM
20:24:11.684 INFO  manager.ListenerWD -- After find element-->By.cssSelector: .contact-item_card__2SOIM
20:24:11.689 INFO  manager.ListenerWD -- Location of element-->div
20:24:11.699 INFO  manager.ListenerWD -- Before click element -->divtext-->Harry
555667771727
20:24:11.737 INFO  manager.ListenerWD -- After click element -->div
20:24:11.737 INFO  manager.ListenerWD -- Before find element-->By.xpath: //button[text()='Remove']
20:24:11.745 INFO  manager.ListenerWD -- After find element-->By.xpath: //button[text()='Remove']
20:24:11.750 INFO  manager.ListenerWD -- Location of element-->button
20:24:11.758 INFO  manager.ListenerWD -- Before click element -->buttontext-->Remove
20:24:11.794 INFO  manager.ListenerWD -- After click element -->button
20:24:12.830 INFO  manager.ListenerWD -- Before find element-->By.cssSelector: .contact-item_card__2SOIM
20:24:12.842 INFO  manager.ListenerWD -- After find element-->By.cssSelector: .contact-item_card__2SOIM
20:24:12.848 INFO  manager.ListenerWD -- Location of element-->div
20:24:12.858 INFO  manager.ListenerWD -- Before click element -->divtext-->Harry
555667771290
20:24:12.906 INFO  manager.ListenerWD -- After click element -->div
20:24:12.906 INFO  manager.ListenerWD -- Before find element-->By.xpath: //button[text()='Remove']
20:24:12.918 INFO  manager.ListenerWD -- After find element-->By.xpath: //button[text()='Remove']
20:24:12.921 INFO  manager.ListenerWD -- Location of element-->button
20:24:12.929 INFO  manager.ListenerWD -- Before click element -->buttontext-->Remove
20:24:12.964 INFO  manager.ListenerWD -- After click element -->button
20:24:13.990 INFO  manager.ListenerWD -- Before find element-->By.cssSelector: .contact-item_card__2SOIM
20:24:14.007 INFO  manager.ListenerWD -- After find element-->By.cssSelector: .contact-item_card__2SOIM
20:24:14.014 INFO  manager.ListenerWD -- Location of element-->div
20:24:14.022 INFO  manager.ListenerWD -- Before click element -->divtext-->Harry
555667771893
20:24:14.078 INFO  manager.ListenerWD -- After click element -->div
20:24:14.079 INFO  manager.ListenerWD -- Before find element-->By.xpath: //button[text()='Remove']
20:24:14.091 INFO  manager.ListenerWD -- After find element-->By.xpath: //button[text()='Remove']
20:24:14.095 INFO  manager.ListenerWD -- Location of element-->button
20:24:14.104 INFO  manager.ListenerWD -- Before click element -->buttontext-->Remove
20:24:14.139 INFO  manager.ListenerWD -- After click element -->button
20:24:15.160 INFO  manager.ListenerWD -- Before find element-->By.cssSelector: .contact-item_card__2SOIM
20:24:15.175 INFO  manager.ListenerWD -- After find element-->By.cssSelector: .contact-item_card__2SOIM
20:24:15.181 INFO  manager.ListenerWD -- Location of element-->div
20:24:15.195 INFO  manager.ListenerWD -- Before click element -->divtext-->Harry
555667771574
20:24:15.235 INFO  manager.ListenerWD -- After click element -->div
20:24:15.235 INFO  manager.ListenerWD -- Before find element-->By.xpath: //button[text()='Remove']
20:24:15.244 INFO  manager.ListenerWD -- After find element-->By.xpath: //button[text()='Remove']
20:24:15.248 INFO  manager.ListenerWD -- Location of element-->button
20:24:15.256 INFO  manager.ListenerWD -- Before click element -->buttontext-->Remove
20:24:15.296 INFO  manager.ListenerWD -- After click element -->button
20:24:21.308 INFO  manager.ListenerWD -- Before find element-->By.cssSelector: .contact-page_message__2qafk>h1
20:24:21.320 INFO  manager.ListenerWD -- After find element-->By.cssSelector: .contact-page_message__2qafk>h1
20:24:21.325 INFO  manager.ListenerWD -- Location of element-->h1
20:24:21.334 INFO  manager.TestNGListener -- Success test -->removeAllContacts
20:24:21.335 INFO  tests.TestBase -- ==============================================
20:24:21.337 INFO  tests.TestBase -- Name of method (test) -->removeFirstContact
20:24:26.368 INFO  manager.ListenerWD -- Before find element-->By.cssSelector: a[href='/add']
20:24:26.387 INFO  manager.ListenerWD -- After find element-->By.cssSelector: a[href='/add']
20:24:26.394 INFO  manager.ListenerWD -- Location of element-->a
20:24:26.407 INFO  manager.ListenerWD -- Before click element -->atext-->ADD
20:24:26.471 INFO  manager.ListenerWD -- After click element -->a
20:24:26.471 INFO  manager.ListenerWD -- Before find element-->By.cssSelector: [placeholder='Name']
20:24:26.486 INFO  manager.ListenerWD -- After find element-->By.cssSelector: [placeholder='Name']
20:24:26.490 INFO  manager.ListenerWD -- Location of element-->input
20:24:26.502 INFO  manager.ListenerWD -- Before click element -->inputtext-->
20:24:26.559 INFO  manager.ListenerWD -- After click element -->input
20:24:26.585 INFO  manager.ListenerWD -- sendKeyds-->
20:24:26.588 INFO  manager.ListenerWD -- sendKeyds_TagName-->input
20:24:26.621 INFO  manager.ListenerWD -- sendKeyds-->
20:24:26.625 INFO  manager.ListenerWD -- sendKeyds_TagName-->input
20:24:26.654 INFO  manager.ListenerWD -- sendKeyds-->
20:24:26.657 INFO  manager.ListenerWD -- sendKeyds_TagName-->input
20:24:26.682 INFO  manager.ListenerWD -- Before find element-->By.cssSelector: [placeholder='Last Name']
20:24:26.695 INFO  manager.ListenerWD -- After find element-->By.cssSelector: [placeholder='Last Name']
20:24:26.700 INFO  manager.ListenerWD -- Location of element-->input
20:24:26.711 INFO  manager.ListenerWD -- Before click element -->inputtext-->
20:24:26.769 INFO  manager.ListenerWD -- After click element -->input
20:24:26.791 INFO  manager.ListenerWD -- sendKeyds-->
20:24:26.798 INFO  manager.ListenerWD -- sendKeyds_TagName-->input
20:24:26.828 INFO  manager.ListenerWD -- sendKeyds-->
20:24:26.831 INFO  manager.ListenerWD -- sendKeyds_TagName-->input
20:24:26.860 INFO  manager.ListenerWD -- sendKeyds-->
20:24:26.865 INFO  manager.ListenerWD -- sendKeyds_TagName-->input
20:24:26.888 INFO  manager.ListenerWD -- Before find element-->By.cssSelector: [placeholder='Phone']
20:24:26.899 INFO  manager.ListenerWD -- After find element-->By.cssSelector: [placeholder='Phone']
20:24:26.904 INFO  manager.ListenerWD -- Location of element-->input
20:24:26.914 INFO  manager.ListenerWD -- Before click element -->inputtext-->
20:24:26.961 INFO  manager.ListenerWD -- After click element -->input
20:24:26.984 INFO  manager.ListenerWD -- sendKeyds-->
20:24:26.988 INFO  manager.ListenerWD -- sendKeyds_TagName-->input
20:24:27.017 INFO  manager.ListenerWD -- sendKeyds-->
20:24:27.020 INFO  manager.ListenerWD -- sendKeyds_TagName-->input
20:24:27.048 INFO  manager.ListenerWD -- sendKeyds-->
20:24:27.053 INFO  manager.ListenerWD -- sendKeyds_TagName-->input
20:24:27.086 INFO  manager.ListenerWD -- Before find element-->By.cssSelector: [placeholder='email']
20:24:27.101 INFO  manager.ListenerWD -- After find element-->By.cssSelector: [placeholder='email']
20:24:27.106 INFO  manager.ListenerWD -- Location of element-->input
20:24:27.118 INFO  manager.ListenerWD -- Before click element -->inputtext-->
20:24:27.167 INFO  manager.ListenerWD -- After click element -->input
20:24:27.189 INFO  manager.ListenerWD -- sendKeyds-->
20:24:27.191 INFO  manager.ListenerWD -- sendKeyds_TagName-->input
20:24:27.217 INFO  manager.ListenerWD -- sendKeyds-->
20:24:27.219 INFO  manager.ListenerWD -- sendKeyds_TagName-->input
20:24:27.245 INFO  manager.ListenerWD -- sendKeyds-->
20:24:27.249 INFO  manager.ListenerWD -- sendKeyds_TagName-->input
20:24:27.274 INFO  manager.ListenerWD -- Before find element-->By.cssSelector: [placeholder='Address']
20:24:27.289 INFO  manager.ListenerWD -- After find element-->By.cssSelector: [placeholder='Address']
20:24:27.295 INFO  manager.ListenerWD -- Location of element-->input
20:24:27.305 INFO  manager.ListenerWD -- Before click element -->inputtext-->
20:24:27.347 INFO  manager.ListenerWD -- After click element -->input
20:24:27.368 INFO  manager.ListenerWD -- sendKeyds-->
20:24:27.371 INFO  manager.ListenerWD -- sendKeyds_TagName-->input
20:24:27.393 INFO  manager.ListenerWD -- sendKeyds-->
20:24:27.399 INFO  manager.ListenerWD -- sendKeyds_TagName-->input
20:24:27.422 INFO  manager.ListenerWD -- sendKeyds-->
20:24:27.426 INFO  manager.ListenerWD -- sendKeyds_TagName-->input
20:24:27.450 INFO  manager.ListenerWD -- Before find element-->By.cssSelector: [placeholder='description']
20:24:27.464 INFO  manager.ListenerWD -- After find element-->By.cssSelector: [placeholder='description']
20:24:27.468 INFO  manager.ListenerWD -- Location of element-->input
20:24:27.478 INFO  manager.ListenerWD -- Before click element -->inputtext-->
20:24:27.522 INFO  manager.ListenerWD -- After click element -->input
20:24:27.545 INFO  manager.ListenerWD -- sendKeyds-->
20:24:27.550 INFO  manager.ListenerWD -- sendKeyds_TagName-->input
20:24:27.573 INFO  manager.ListenerWD -- sendKeyds-->
20:24:27.576 INFO  manager.ListenerWD -- sendKeyds_TagName-->input
20:24:27.602 INFO  manager.ListenerWD -- sendKeyds-->
20:24:27.606 INFO  manager.ListenerWD -- sendKeyds_TagName-->input
20:24:27.628 INFO  manager.ListenerWD -- Before find element-->By.cssSelector: .add_form__2rsm2>button
20:24:27.639 INFO  manager.ListenerWD -- After find element-->By.cssSelector: .add_form__2rsm2>button
20:24:27.643 INFO  manager.ListenerWD -- Location of element-->button
20:24:27.652 INFO  manager.ListenerWD -- Before click element -->buttontext-->Save
20:24:27.688 INFO  manager.ListenerWD -- After click element -->button
20:24:28.198 INFO  manager.ListenerWD -- Before find element-->By.cssSelector: a[href='/add']
20:24:28.215 INFO  manager.ListenerWD -- After find element-->By.cssSelector: a[href='/add']
20:24:28.218 INFO  manager.ListenerWD -- Location of element-->a
20:24:28.225 INFO  manager.ListenerWD -- Before click element -->atext-->ADD
20:24:28.270 INFO  manager.ListenerWD -- After click element -->a
20:24:28.270 INFO  manager.ListenerWD -- Before find element-->By.cssSelector: [placeholder='Name']
20:24:28.282 INFO  manager.ListenerWD -- After find element-->By.cssSelector: [placeholder='Name']
20:24:28.288 INFO  manager.ListenerWD -- Location of element-->input
20:24:28.297 INFO  manager.ListenerWD -- Before click element -->inputtext-->
20:24:28.338 INFO  manager.ListenerWD -- After click element -->input
20:24:28.359 INFO  manager.ListenerWD -- sendKeyds-->
20:24:28.365 INFO  manager.ListenerWD -- sendKeyds_TagName-->input
20:24:28.386 INFO  manager.ListenerWD -- sendKeyds-->
20:24:28.389 INFO  manager.ListenerWD -- sendKeyds_TagName-->input
20:24:28.413 INFO  manager.ListenerWD -- sendKeyds-->
20:24:28.417 INFO  manager.ListenerWD -- sendKeyds_TagName-->input
20:24:28.435 INFO  manager.ListenerWD -- Before find element-->By.cssSelector: [placeholder='Last Name']
20:24:28.448 INFO  manager.ListenerWD -- After find element-->By.cssSelector: [placeholder='Last Name']
20:24:28.452 INFO  manager.ListenerWD -- Location of element-->input
20:24:28.459 INFO  manager.ListenerWD -- Before click element -->inputtext-->
20:24:28.501 INFO  manager.ListenerWD -- After click element -->input
20:24:28.521 INFO  manager.ListenerWD -- sendKeyds-->
20:24:28.525 INFO  manager.ListenerWD -- sendKeyds_TagName-->input
20:24:28.548 INFO  manager.ListenerWD -- sendKeyds-->
20:24:28.551 INFO  manager.ListenerWD -- sendKeyds_TagName-->input
20:24:28.577 INFO  manager.ListenerWD -- sendKeyds-->
20:24:28.581 INFO  manager.ListenerWD -- sendKeyds_TagName-->input
20:24:28.601 INFO  manager.ListenerWD -- Before find element-->By.cssSelector: [placeholder='Phone']
20:24:28.614 INFO  manager.ListenerWD -- After find element-->By.cssSelector: [placeholder='Phone']
20:24:28.617 INFO  manager.ListenerWD -- Location of element-->input
20:24:28.626 INFO  manager.ListenerWD -- Before click element -->inputtext-->
20:24:28.670 INFO  manager.ListenerWD -- After click element -->input
20:24:28.693 INFO  manager.ListenerWD -- sendKeyds-->
20:24:28.697 INFO  manager.ListenerWD -- sendKeyds_TagName-->input
20:24:28.720 INFO  manager.ListenerWD -- sendKeyds-->
20:24:28.725 INFO  manager.ListenerWD -- sendKeyds_TagName-->input
20:24:28.747 INFO  manager.ListenerWD -- sendKeyds-->
20:24:28.750 INFO  manager.ListenerWD -- sendKeyds_TagName-->input
20:24:28.769 INFO  manager.ListenerWD -- Before find element-->By.cssSelector: [placeholder='email']
20:24:28.782 INFO  manager.ListenerWD -- After find element-->By.cssSelector: [placeholder='email']
20:24:28.785 INFO  manager.ListenerWD -- Location of element-->input
20:24:28.793 INFO  manager.ListenerWD -- Before click element -->inputtext-->
20:24:28.839 INFO  manager.ListenerWD -- After click element -->input
20:24:28.859 INFO  manager.ListenerWD -- sendKeyds-->
20:24:28.864 INFO  manager.ListenerWD -- sendKeyds_TagName-->input
20:24:28.886 INFO  manager.ListenerWD -- sendKeyds-->
20:24:28.889 INFO  manager.ListenerWD -- sendKeyds_TagName-->input
20:24:28.915 INFO  manager.ListenerWD -- sendKeyds-->
20:24:28.919 INFO  manager.ListenerWD -- sendKeyds_TagName-->input
20:24:28.943 INFO  manager.ListenerWD -- Before find element-->By.cssSelector: [placeholder='Address']
20:24:28.956 INFO  manager.ListenerWD -- After find element-->By.cssSelector: [placeholder='Address']
20:24:28.959 INFO  manager.ListenerWD -- Location of element-->input
20:24:28.969 INFO  manager.ListenerWD -- Before click element -->inputtext-->
20:24:29.014 INFO  manager.ListenerWD -- After click element -->input
20:24:29.034 INFO  manager.ListenerWD -- sendKeyds-->
20:24:29.037 INFO  manager.ListenerWD -- sendKeyds_TagName-->input
20:24:29.061 INFO  manager.ListenerWD -- sendKeyds-->
20:24:29.065 INFO  manager.ListenerWD -- sendKeyds_TagName-->input
20:24:29.088 INFO  manager.ListenerWD -- sendKeyds-->
20:24:29.090 INFO  manager.ListenerWD -- sendKeyds_TagName-->input
20:24:29.111 INFO  manager.ListenerWD -- Before find element-->By.cssSelector: [placeholder='description']
20:24:29.125 INFO  manager.ListenerWD -- After find element-->By.cssSelector: [placeholder='description']
20:24:29.129 INFO  manager.ListenerWD -- Location of element-->input
20:24:29.139 INFO  manager.ListenerWD -- Before click element -->inputtext-->
20:24:29.183 INFO  manager.ListenerWD -- After click element -->input
20:24:29.203 INFO  manager.ListenerWD -- sendKeyds-->
20:24:29.206 INFO  manager.ListenerWD -- sendKeyds_TagName-->input
20:24:29.228 INFO  manager.ListenerWD -- sendKeyds-->
20:24:29.231 INFO  manager.ListenerWD -- sendKeyds_TagName-->input
20:24:29.257 INFO  manager.ListenerWD -- sendKeyds-->
20:24:29.261 INFO  manager.ListenerWD -- sendKeyds_TagName-->input
20:24:29.280 INFO  manager.ListenerWD -- Before find element-->By.cssSelector: .add_form__2rsm2>button
20:24:29.291 INFO  manager.ListenerWD -- After find element-->By.cssSelector: .add_form__2rsm2>button
20:24:29.295 INFO  manager.ListenerWD -- Location of element-->button
20:24:29.304 INFO  manager.ListenerWD -- Before click element -->buttontext-->Save
20:24:29.344 INFO  manager.ListenerWD -- After click element -->button
20:24:29.848 INFO  manager.ListenerWD -- Before find element-->By.cssSelector: a[href='/add']
20:24:29.862 INFO  manager.ListenerWD -- After find element-->By.cssSelector: a[href='/add']
20:24:29.868 INFO  manager.ListenerWD -- Location of element-->a
20:24:29.876 INFO  manager.ListenerWD -- Before click element -->atext-->ADD
20:24:29.920 INFO  manager.ListenerWD -- After click element -->a
20:24:29.920 INFO  manager.ListenerWD -- Before find element-->By.cssSelector: [placeholder='Name']
20:24:29.932 INFO  manager.ListenerWD -- After find element-->By.cssSelector: [placeholder='Name']
20:24:29.935 INFO  manager.ListenerWD -- Location of element-->input
20:24:29.944 INFO  manager.ListenerWD -- Before click element -->inputtext-->
20:24:29.985 INFO  manager.ListenerWD -- After click element -->input
20:24:30.007 INFO  manager.ListenerWD -- sendKeyds-->
20:24:30.012 INFO  manager.ListenerWD -- sendKeyds_TagName-->input
20:24:30.035 INFO  manager.ListenerWD -- sendKeyds-->
20:24:30.038 INFO  manager.ListenerWD -- sendKeyds_TagName-->input
20:24:30.061 INFO  manager.ListenerWD -- sendKeyds-->
20:24:30.066 INFO  manager.ListenerWD -- sendKeyds_TagName-->input
20:24:30.086 INFO  manager.ListenerWD -- Before find element-->By.cssSelector: [placeholder='Last Name']
20:24:30.102 INFO  manager.ListenerWD -- After find element-->By.cssSelector: [placeholder='Last Name']
20:24:30.105 INFO  manager.ListenerWD -- Location of element-->input
20:24:30.115 INFO  manager.ListenerWD -- Before click element -->inputtext-->
20:24:30.157 INFO  manager.ListenerWD -- After click element -->input
20:24:30.185 INFO  manager.ListenerWD -- sendKeyds-->
20:24:30.188 INFO  manager.ListenerWD -- sendKeyds_TagName-->input
20:24:30.210 INFO  manager.ListenerWD -- sendKeyds-->
20:24:30.215 INFO  manager.ListenerWD -- sendKeyds_TagName-->input
20:24:30.239 INFO  manager.ListenerWD -- sendKeyds-->
20:24:30.243 INFO  manager.ListenerWD -- sendKeyds_TagName-->input
20:24:30.265 INFO  manager.ListenerWD -- Before find element-->By.cssSelector: [placeholder='Phone']
20:24:30.276 INFO  manager.ListenerWD -- After find element-->By.cssSelector: [placeholder='Phone']
20:24:30.281 INFO  manager.ListenerWD -- Location of element-->input
20:24:30.290 INFO  manager.ListenerWD -- Before click element -->inputtext-->
20:24:30.332 INFO  manager.ListenerWD -- After click element -->input
20:24:30.355 INFO  manager.ListenerWD -- sendKeyds-->
20:24:30.359 INFO  manager.ListenerWD -- sendKeyds_TagName-->input
20:24:30.381 INFO  manager.ListenerWD -- sendKeyds-->
20:24:30.384 INFO  manager.ListenerWD -- sendKeyds_TagName-->input
20:24:30.407 INFO  manager.ListenerWD -- sendKeyds-->
20:24:30.410 INFO  manager.ListenerWD -- sendKeyds_TagName-->input
20:24:30.434 INFO  manager.ListenerWD -- Before find element-->By.cssSelector: [placeholder='email']
20:24:30.445 INFO  manager.ListenerWD -- After find element-->By.cssSelector: [placeholder='email']
20:24:30.449 INFO  manager.ListenerWD -- Location of element-->input
20:24:30.459 INFO  manager.ListenerWD -- Before click element -->inputtext-->
20:24:30.509 INFO  manager.ListenerWD -- After click element -->input
20:24:30.534 INFO  manager.ListenerWD -- sendKeyds-->
20:24:30.537 INFO  manager.ListenerWD -- sendKeyds_TagName-->input
20:24:30.562 INFO  manager.ListenerWD -- sendKeyds-->
20:24:30.567 INFO  manager.ListenerWD -- sendKeyds_TagName-->input
20:24:30.588 INFO  manager.ListenerWD -- sendKeyds-->
20:24:30.591 INFO  manager.ListenerWD -- sendKeyds_TagName-->input
20:24:30.624 INFO  manager.ListenerWD -- Before find element-->By.cssSelector: [placeholder='Address']
20:24:30.635 INFO  manager.ListenerWD -- After find element-->By.cssSelector: [placeholder='Address']
20:24:30.638 INFO  manager.ListenerWD -- Location of element-->input
20:24:30.646 INFO  manager.ListenerWD -- Before click element -->inputtext-->
20:24:30.686 INFO  manager.ListenerWD -- After click element -->input
20:24:30.705 INFO  manager.ListenerWD -- sendKeyds-->
20:24:30.708 INFO  manager.ListenerWD -- sendKeyds_TagName-->input
20:24:30.734 INFO  manager.ListenerWD -- sendKeyds-->
20:24:30.737 INFO  manager.ListenerWD -- sendKeyds_TagName-->input
20:24:30.759 INFO  manager.ListenerWD -- sendKeyds-->
20:24:30.762 INFO  manager.ListenerWD -- sendKeyds_TagName-->input
20:24:30.784 INFO  manager.ListenerWD -- Before find element-->By.cssSelector: [placeholder='description']
20:24:30.798 INFO  manager.ListenerWD -- After find element-->By.cssSelector: [placeholder='description']
20:24:30.801 INFO  manager.ListenerWD -- Location of element-->input
20:24:30.809 INFO  manager.ListenerWD -- Before click element -->inputtext-->
20:24:30.847 INFO  manager.ListenerWD -- After click element -->input
20:24:30.870 INFO  manager.ListenerWD -- sendKeyds-->
20:24:30.873 INFO  manager.ListenerWD -- sendKeyds_TagName-->input
20:24:30.896 INFO  manager.ListenerWD -- sendKeyds-->
20:24:30.899 INFO  manager.ListenerWD -- sendKeyds_TagName-->input
20:24:30.924 INFO  manager.ListenerWD -- sendKeyds-->
20:24:30.927 INFO  manager.ListenerWD -- sendKeyds_TagName-->input
20:24:30.947 INFO  manager.ListenerWD -- Before find element-->By.cssSelector: .add_form__2rsm2>button
20:24:30.957 INFO  manager.ListenerWD -- After find element-->By.cssSelector: .add_form__2rsm2>button
20:24:30.960 INFO  manager.ListenerWD -- Location of element-->button
20:24:30.969 INFO  manager.ListenerWD -- Before click element -->buttontext-->Save
20:24:31.005 INFO  manager.ListenerWD -- After click element -->button
20:24:31.517 INFO  manager.TestNGListener -- Start test -->removeFirstContact
20:24:31.549 INFO  manager.HelperBase -- Number of Contacts before remove is-->3
20:24:31.549 INFO  manager.ListenerWD -- Before find element-->By.cssSelector: .contact-item_card__2SOIM
20:24:31.562 INFO  manager.ListenerWD -- After find element-->By.cssSelector: .contact-item_card__2SOIM
20:24:31.568 INFO  manager.ListenerWD -- Location of element-->div
20:24:31.578 INFO  manager.ListenerWD -- Before click element -->divtext-->Harry
555667771464
20:24:31.618 INFO  manager.ListenerWD -- After click element -->div
20:24:31.618 INFO  manager.ListenerWD -- Before find element-->By.xpath: //button[text()='Remove']
20:24:31.628 INFO  manager.ListenerWD -- After find element-->By.xpath: //button[text()='Remove']
20:24:31.634 INFO  manager.ListenerWD -- Location of element-->button
20:24:31.641 INFO  manager.ListenerWD -- Before click element -->buttontext-->Remove
20:24:31.676 INFO  manager.ListenerWD -- After click element -->button
20:24:32.704 INFO  manager.HelperBase -- Number of Contacts after remove is-->2
20:24:32.706 INFO  manager.TestNGListener -- Success test -->removeFirstContact
20:24:32.706 INFO  tests.TestBase -- ==============================================
20:24:32.717 INFO  manager.TestNGListener -- Stop testing on date -->Thu Jun 11 20:24:32 IDT 2026
