20:48:55.114 INFO  manager.ApplicationManager -- All tests runs in Chrome Browser
20:48:56.284 INFO  manager.ApplicationManager -- The link --->https://telranedu.web.app/home
20:48:56.517 INFO  manager.TestNGListener -- Start testing on date -->Thu Jun 11 20:48:56 IDT 2026
20:49:01.636 INFO  manager.ListenerWD -- Before find element-->By.cssSelector: a[href='/login']
20:49:01.671 INFO  manager.ListenerWD -- After find element-->By.cssSelector: a[href='/login']
20:49:01.680 INFO  manager.ListenerWD -- Location of element-->a
20:49:01.702 INFO  manager.ListenerWD -- Before click element -->atext-->LOGIN
20:49:01.783 INFO  manager.ListenerWD -- After click element -->a
20:49:01.783 INFO  manager.HelperBase -- open form by click on button with locator a[href='/login']
20:49:01.789 INFO  manager.ListenerWD -- Before find element-->By.name: email
20:49:01.824 INFO  manager.ListenerWD -- After find element-->By.name: email
20:49:01.832 INFO  manager.ListenerWD -- Location of element-->input
20:49:01.848 INFO  manager.ListenerWD -- Before click element -->inputtext-->
20:49:01.920 INFO  manager.ListenerWD -- After click element -->input
20:49:01.955 INFO  manager.ListenerWD -- sendKeyds-->
20:49:01.962 INFO  manager.ListenerWD -- sendKeyds_TagName-->input
20:49:02.008 INFO  manager.ListenerWD -- sendKeyds-->
20:49:02.015 INFO  manager.ListenerWD -- sendKeyds_TagName-->input
20:49:02.047 INFO  manager.ListenerWD -- sendKeyds-->
20:49:02.054 INFO  manager.ListenerWD -- sendKeyds_TagName-->input
20:49:02.096 INFO  manager.ListenerWD -- Before find element-->By.xpath: //input[@placeholder='Password']
20:49:02.134 INFO  manager.ListenerWD -- After find element-->By.xpath: //input[@placeholder='Password']
20:49:02.141 INFO  manager.ListenerWD -- Location of element-->input
20:49:02.159 INFO  manager.ListenerWD -- Before click element -->inputtext-->
20:49:02.231 INFO  manager.ListenerWD -- After click element -->input
20:49:02.267 INFO  manager.ListenerWD -- sendKeyds-->
20:49:02.277 INFO  manager.ListenerWD -- sendKeyds_TagName-->input
20:49:02.325 INFO  manager.ListenerWD -- sendKeyds-->
20:49:02.334 INFO  manager.ListenerWD -- sendKeyds_TagName-->input
20:49:02.370 INFO  manager.ListenerWD -- sendKeyds-->
20:49:02.379 INFO  manager.ListenerWD -- sendKeyds_TagName-->input
20:49:02.421 INFO  manager.ListenerWD -- Before find element-->By.xpath: //button[text()='Login']
20:49:02.451 INFO  manager.ListenerWD -- After find element-->By.xpath: //button[text()='Login']
20:49:02.457 INFO  manager.ListenerWD -- Location of element-->button
20:49:02.471 INFO  manager.ListenerWD -- Before click element -->buttontext-->Login
20:49:02.567 INFO  tests.TestBase -- Name of method (test) -->addNewContactSuccessAllFields
20:49:02.697 INFO  manager.TestNGListener -- Start test -->addNewContactSuccessAllFields
20:49:02.760 INFO  manager.ListenerWD -- Before find element-->By.cssSelector: [placeholder='Name']
20:49:07.795 INFO  manager.ListenerWD -- Huston, we have a problem!
20:49:07.796 INFO  manager.ListenerWD -- Failed method:findElement
20:49:07.796 INFO  manager.ListenerWD -- ***************
20:49:07.796 INFO  manager.ListenerWD -- Arguments:[By.cssSelector: [placeholder='Name']]
20:49:07.796 INFO  manager.ListenerWD -- ***************
20:49:07.797 INFO  manager.ListenerWD -- Exception:NoSuchElementException
20:49:07.797 INFO  manager.ListenerWD -- ***************
20:49:07.797 INFO  manager.ListenerWD -- Messageno such element: Unable to locate element: {"method":"css selector","selector":"[placeholder='Name']"}
  (Session info: chrome=149.0.7827.103)
For documentation on this error, please visit: https://www.selenium.dev/documentation/webdriver/troubleshooting/errors#no-such-element-exception
Build info: version: '4.26.0', revision: '8ccf0219d7'
System info: os.name: 'Windows 11', os.arch: 'amd64', os.version: '10.0', java.version: '21.0.10'
Driver info: org.openqa.selenium.chrome.ChromeDriver
Command: [552ff3c809a045220ebc44cb2def7f46, findElement {value=[placeholder='Name'], using=css selector}]
Capabilities {acceptInsecureCerts: false, browserName: chrome, browserVersion: 149.0.7827.103, chrome: {chromedriverVersion: 149.0.7827.55 (3188f8a607ae..., userDataDir: C:\Users\marii\AppData\Loca...}, fedcm:accounts: true, goog:chromeOptions: {debuggerAddress: localhost:56387}, goog:processID: 17384, networkConnectionEnabled: false, pageLoadStrategy: normal, platformName: windows, proxy: Proxy(), se:cdp: ws://localhost:56387/devtoo..., se:cdpVersion: 149.0.7827.103, setWindowRect: true, strictFileInteractability: false, timeouts: {implicit: 0, pageLoad: 300000, script: 30000}, unhandledPromptBehavior: dismiss and notify, webauthn:extension:credBlob: true, webauthn:extension:largeBlob: true, webauthn:extension:minPinLength: true, webauthn:extension:prf: true, webauthn:virtualAuthenticators: true}
Session ID: 552ff3c809a045220ebc44cb2def7f46
20:49:07.797 INFO  manager.ListenerWD -- ***************
20:49:07.797 INFO  manager.ListenerWD -- ***************
20:49:07.797 INFO  manager.ListenerWD -- Screen with error is--->src/test/screenshots/screen_1418.png
20:49:08.031 INFO  manager.TestNGListener -- Failure test -->null
20:49:08.033 ERROR io.qameta.allure.AllureLifecycle -- Could not add attachment: no test is running
20:49:08.199 ERROR io.qameta.allure.AllureLifecycle -- Could not add attachment: no test is running
20:49:08.202 INFO  tests.TestBase -- ==============================================
20:49:08.205 INFO  tests.TestBase -- Name of method (test) -->addNewContactSuccessAllFields
20:49:08.207 INFO  manager.TestNGListener -- Start test -->addNewContactSuccessAllFields
20:49:08.212 INFO  manager.ListenerWD -- Before find element-->By.cssSelector: [placeholder='Name']
20:49:13.238 INFO  manager.ListenerWD -- Huston, we have a problem!
20:49:13.238 INFO  manager.ListenerWD -- Failed method:findElement
20:49:13.238 INFO  manager.ListenerWD -- ***************
20:49:13.238 INFO  manager.ListenerWD -- Arguments:[By.cssSelector: [placeholder='Name']]
20:49:13.238 INFO  manager.ListenerWD -- ***************
20:49:13.238 INFO  manager.ListenerWD -- Exception:NoSuchElementException
20:49:13.238 INFO  manager.ListenerWD -- ***************
20:49:13.238 INFO  manager.ListenerWD -- Messageno such element: Unable to locate element: {"method":"css selector","selector":"[placeholder='Name']"}
  (Session info: chrome=149.0.7827.103)
For documentation on this error, please visit: https://www.selenium.dev/documentation/webdriver/troubleshooting/errors#no-such-element-exception
Build info: version: '4.26.0', revision: '8ccf0219d7'
System info: os.name: 'Windows 11', os.arch: 'amd64', os.version: '10.0', java.version: '21.0.10'
Driver info: org.openqa.selenium.chrome.ChromeDriver
Command: [552ff3c809a045220ebc44cb2def7f46, findElement {value=[placeholder='Name'], using=css selector}]
Capabilities {acceptInsecureCerts: false, browserName: chrome, browserVersion: 149.0.7827.103, chrome: {chromedriverVersion: 149.0.7827.55 (3188f8a607ae..., userDataDir: C:\Users\marii\AppData\Loca...}, fedcm:accounts: true, goog:chromeOptions: {debuggerAddress: localhost:56387}, goog:processID: 17384, networkConnectionEnabled: false, pageLoadStrategy: normal, platformName: windows, proxy: Proxy(), se:cdp: ws://localhost:56387/devtoo..., se:cdpVersion: 149.0.7827.103, setWindowRect: true, strictFileInteractability: false, timeouts: {implicit: 0, pageLoad: 300000, script: 30000}, unhandledPromptBehavior: dismiss and notify, webauthn:extension:credBlob: true, webauthn:extension:largeBlob: true, webauthn:extension:minPinLength: true, webauthn:extension:prf: true, webauthn:virtualAuthenticators: true}
Session ID: 552ff3c809a045220ebc44cb2def7f46
20:49:13.239 INFO  manager.ListenerWD -- ***************
20:49:13.239 INFO  manager.ListenerWD -- ***************
20:49:13.239 INFO  manager.ListenerWD -- Screen with error is--->src/test/screenshots/screen_1858.png
20:49:13.406 INFO  manager.TestNGListener -- Failure test -->null
20:49:13.407 ERROR io.qameta.allure.AllureLifecycle -- Could not add attachment: no test is running
20:49:13.560 ERROR io.qameta.allure.AllureLifecycle -- Could not add attachment: no test is running
20:49:13.562 INFO  tests.TestBase -- ==============================================
20:49:13.569 INFO  tests.TestBase -- Name of method (test) -->addNewContactSuccessAllFieldsCSV
20:49:13.570 INFO  manager.TestNGListener -- Start test -->addNewContactSuccessAllFieldsCSV
20:49:13.574 INFO  manager.ListenerWD -- Before find element-->By.cssSelector: [placeholder='Name']
20:49:18.596 INFO  manager.ListenerWD -- Huston, we have a problem!
20:49:18.596 INFO  manager.ListenerWD -- Failed method:findElement
20:49:18.596 INFO  manager.ListenerWD -- ***************
20:49:18.596 INFO  manager.ListenerWD -- Arguments:[By.cssSelector: [placeholder='Name']]
20:49:18.596 INFO  manager.ListenerWD -- ***************
20:49:18.596 INFO  manager.ListenerWD -- Exception:NoSuchElementException
20:49:18.597 INFO  manager.ListenerWD -- ***************
20:49:18.597 INFO  manager.ListenerWD -- Messageno such element: Unable to locate element: {"method":"css selector","selector":"[placeholder='Name']"}
  (Session info: chrome=149.0.7827.103)
For documentation on this error, please visit: https://www.selenium.dev/documentation/webdriver/troubleshooting/errors#no-such-element-exception
Build info: version: '4.26.0', revision: '8ccf0219d7'
System info: os.name: 'Windows 11', os.arch: 'amd64', os.version: '10.0', java.version: '21.0.10'
Driver info: org.openqa.selenium.chrome.ChromeDriver
Command: [552ff3c809a045220ebc44cb2def7f46, findElement {value=[placeholder='Name'], using=css selector}]
Capabilities {acceptInsecureCerts: false, browserName: chrome, browserVersion: 149.0.7827.103, chrome: {chromedriverVersion: 149.0.7827.55 (3188f8a607ae..., userDataDir: C:\Users\marii\AppData\Loca...}, fedcm:accounts: true, goog:chromeOptions: {debuggerAddress: localhost:56387}, goog:processID: 17384, networkConnectionEnabled: false, pageLoadStrategy: normal, platformName: windows, proxy: Proxy(), se:cdp: ws://localhost:56387/devtoo..., se:cdpVersion: 149.0.7827.103, setWindowRect: true, strictFileInteractability: false, timeouts: {implicit: 0, pageLoad: 300000, script: 30000}, unhandledPromptBehavior: dismiss and notify, webauthn:extension:credBlob: true, webauthn:extension:largeBlob: true, webauthn:extension:minPinLength: true, webauthn:extension:prf: true, webauthn:virtualAuthenticators: true}
Session ID: 552ff3c809a045220ebc44cb2def7f46
20:49:18.597 INFO  manager.ListenerWD -- ***************
20:49:18.597 INFO  manager.ListenerWD -- ***************
20:49:18.597 INFO  manager.ListenerWD -- Screen with error is--->src/test/screenshots/screen_1132.png
20:49:18.770 INFO  manager.TestNGListener -- Failure test -->null
20:49:18.770 ERROR io.qameta.allure.AllureLifecycle -- Could not add attachment: no test is running
20:49:18.919 ERROR io.qameta.allure.AllureLifecycle -- Could not add attachment: no test is running
20:49:18.922 INFO  tests.TestBase -- ==============================================
20:49:18.924 INFO  tests.TestBase -- Name of method (test) -->addNewContactSuccessAllFieldsCSV
20:49:18.926 INFO  manager.TestNGListener -- Start test -->addNewContactSuccessAllFieldsCSV
20:49:18.929 INFO  manager.ListenerWD -- Before find element-->By.cssSelector: [placeholder='Name']
20:49:23.955 INFO  manager.ListenerWD -- Huston, we have a problem!
20:49:23.955 INFO  manager.ListenerWD -- Failed method:findElement
20:49:23.955 INFO  manager.ListenerWD -- ***************
20:49:23.955 INFO  manager.ListenerWD -- Arguments:[By.cssSelector: [placeholder='Name']]
20:49:23.955 INFO  manager.ListenerWD -- ***************
20:49:23.955 INFO  manager.ListenerWD -- Exception:NoSuchElementException
20:49:23.955 INFO  manager.ListenerWD -- ***************
20:49:23.955 INFO  manager.ListenerWD -- Messageno such element: Unable to locate element: {"method":"css selector","selector":"[placeholder='Name']"}
  (Session info: chrome=149.0.7827.103)
For documentation on this error, please visit: https://www.selenium.dev/documentation/webdriver/troubleshooting/errors#no-such-element-exception
Build info: version: '4.26.0', revision: '8ccf0219d7'
System info: os.name: 'Windows 11', os.arch: 'amd64', os.version: '10.0', java.version: '21.0.10'
Driver info: org.openqa.selenium.chrome.ChromeDriver
Command: [552ff3c809a045220ebc44cb2def7f46, findElement {value=[placeholder='Name'], using=css selector}]
Capabilities {acceptInsecureCerts: false, browserName: chrome, browserVersion: 149.0.7827.103, chrome: {chromedriverVersion: 149.0.7827.55 (3188f8a607ae..., userDataDir: C:\Users\marii\AppData\Loca...}, fedcm:accounts: true, goog:chromeOptions: {debuggerAddress: localhost:56387}, goog:processID: 17384, networkConnectionEnabled: false, pageLoadStrategy: normal, platformName: windows, proxy: Proxy(), se:cdp: ws://localhost:56387/devtoo..., se:cdpVersion: 149.0.7827.103, setWindowRect: true, strictFileInteractability: false, timeouts: {implicit: 0, pageLoad: 300000, script: 30000}, unhandledPromptBehavior: dismiss and notify, webauthn:extension:credBlob: true, webauthn:extension:largeBlob: true, webauthn:extension:minPinLength: true, webauthn:extension:prf: true, webauthn:virtualAuthenticators: true}
Session ID: 552ff3c809a045220ebc44cb2def7f46
20:49:23.956 INFO  manager.ListenerWD -- ***************
20:49:23.956 INFO  manager.ListenerWD -- ***************
20:49:23.956 INFO  manager.ListenerWD -- Screen with error is--->src/test/screenshots/screen_1847.png
20:49:24.122 INFO  manager.TestNGListener -- Failure test -->null
20:49:24.122 ERROR io.qameta.allure.AllureLifecycle -- Could not add attachment: no test is running
20:49:24.273 ERROR io.qameta.allure.AllureLifecycle -- Could not add attachment: no test is running
20:49:24.276 INFO  tests.TestBase -- ==============================================
20:49:24.279 INFO  tests.TestBase -- Name of method (test) -->addNewContactSuccessAllFieldsCSV
20:49:24.280 INFO  manager.TestNGListener -- Start test -->addNewContactSuccessAllFieldsCSV
20:49:24.284 INFO  manager.ListenerWD -- Before find element-->By.cssSelector: [placeholder='Name']
20:49:29.331 INFO  manager.ListenerWD -- Huston, we have a problem!
20:49:29.331 INFO  manager.ListenerWD -- Failed method:findElement
20:49:29.331 INFO  manager.ListenerWD -- ***************
20:49:29.331 INFO  manager.ListenerWD -- Arguments:[By.cssSelector: [placeholder='Name']]
20:49:29.331 INFO  manager.ListenerWD -- ***************
20:49:29.331 INFO  manager.ListenerWD -- Exception:NoSuchElementException
20:49:29.331 INFO  manager.ListenerWD -- ***************
20:49:29.331 INFO  manager.ListenerWD -- Messageno such element: Unable to locate element: {"method":"css selector","selector":"[placeholder='Name']"}
  (Session info: chrome=149.0.7827.103)
For documentation on this error, please visit: https://www.selenium.dev/documentation/webdriver/troubleshooting/errors#no-such-element-exception
Build info: version: '4.26.0', revision: '8ccf0219d7'
System info: os.name: 'Windows 11', os.arch: 'amd64', os.version: '10.0', java.version: '21.0.10'
Driver info: org.openqa.selenium.chrome.ChromeDriver
Command: [552ff3c809a045220ebc44cb2def7f46, findElement {value=[placeholder='Name'], using=css selector}]
Capabilities {acceptInsecureCerts: false, browserName: chrome, browserVersion: 149.0.7827.103, chrome: {chromedriverVersion: 149.0.7827.55 (3188f8a607ae..., userDataDir: C:\Users\marii\AppData\Loca...}, fedcm:accounts: true, goog:chromeOptions: {debuggerAddress: localhost:56387}, goog:processID: 17384, networkConnectionEnabled: false, pageLoadStrategy: normal, platformName: windows, proxy: Proxy(), se:cdp: ws://localhost:56387/devtoo..., se:cdpVersion: 149.0.7827.103, setWindowRect: true, strictFileInteractability: false, timeouts: {implicit: 0, pageLoad: 300000, script: 30000}, unhandledPromptBehavior: dismiss and notify, webauthn:extension:credBlob: true, webauthn:extension:largeBlob: true, webauthn:extension:minPinLength: true, webauthn:extension:prf: true, webauthn:virtualAuthenticators: true}
Session ID: 552ff3c809a045220ebc44cb2def7f46
20:49:29.331 INFO  manager.ListenerWD -- ***************
20:49:29.331 INFO  manager.ListenerWD -- ***************
20:49:29.332 INFO  manager.ListenerWD -- Screen with error is--->src/test/screenshots/screen_1584.png
20:49:29.518 INFO  manager.TestNGListener -- Failure test -->null
20:49:29.518 ERROR io.qameta.allure.AllureLifecycle -- Could not add attachment: no test is running
20:49:29.672 ERROR io.qameta.allure.AllureLifecycle -- Could not add attachment: no test is running
20:49:29.677 INFO  tests.TestBase -- ==============================================
20:49:29.682 INFO  tests.TestBase -- Name of method (test) -->addNewContactSuccessRequiredFields
20:49:29.686 INFO  manager.TestNGListener -- Start test -->addNewContactSuccessRequiredFields
20:49:29.689 INFO  manager.ListenerWD -- Before find element-->By.cssSelector: [placeholder='Name']
20:49:34.746 INFO  manager.ListenerWD -- Huston, we have a problem!
20:49:34.747 INFO  manager.ListenerWD -- Failed method:findElement
20:49:34.748 INFO  manager.ListenerWD -- ***************
20:49:34.748 INFO  manager.ListenerWD -- Arguments:[By.cssSelector: [placeholder='Name']]
20:49:34.748 INFO  manager.ListenerWD -- ***************
20:49:34.748 INFO  manager.ListenerWD -- Exception:NoSuchElementException
20:49:34.748 INFO  manager.ListenerWD -- ***************
20:49:34.748 INFO  manager.ListenerWD -- Messageno such element: Unable to locate element: {"method":"css selector","selector":"[placeholder='Name']"}
  (Session info: chrome=149.0.7827.103)
For documentation on this error, please visit: https://www.selenium.dev/documentation/webdriver/troubleshooting/errors#no-such-element-exception
Build info: version: '4.26.0', revision: '8ccf0219d7'
System info: os.name: 'Windows 11', os.arch: 'amd64', os.version: '10.0', java.version: '21.0.10'
Driver info: org.openqa.selenium.chrome.ChromeDriver
Command: [552ff3c809a045220ebc44cb2def7f46, findElement {value=[placeholder='Name'], using=css selector}]
Capabilities {acceptInsecureCerts: false, browserName: chrome, browserVersion: 149.0.7827.103, chrome: {chromedriverVersion: 149.0.7827.55 (3188f8a607ae..., userDataDir: C:\Users\marii\AppData\Loca...}, fedcm:accounts: true, goog:chromeOptions: {debuggerAddress: localhost:56387}, goog:processID: 17384, networkConnectionEnabled: false, pageLoadStrategy: normal, platformName: windows, proxy: Proxy(), se:cdp: ws://localhost:56387/devtoo..., se:cdpVersion: 149.0.7827.103, setWindowRect: true, strictFileInteractability: false, timeouts: {implicit: 0, pageLoad: 300000, script: 30000}, unhandledPromptBehavior: dismiss and notify, webauthn:extension:credBlob: true, webauthn:extension:largeBlob: true, webauthn:extension:minPinLength: true, webauthn:extension:prf: true, webauthn:virtualAuthenticators: true}
Session ID: 552ff3c809a045220ebc44cb2def7f46
20:49:34.749 INFO  manager.ListenerWD -- ***************
20:49:34.749 INFO  manager.ListenerWD -- ***************
20:49:34.749 INFO  manager.ListenerWD -- Screen with error is--->src/test/screenshots/screen_1935.png
20:49:34.967 INFO  manager.TestNGListener -- Failure test -->null
20:49:34.967 ERROR io.qameta.allure.AllureLifecycle -- Could not add attachment: no test is running
20:49:35.186 ERROR io.qameta.allure.AllureLifecycle -- Could not add attachment: no test is running
20:49:35.190 INFO  tests.TestBase -- ==============================================
20:49:35.195 INFO  tests.TestBase -- Name of method (test) -->addNewContactWrongAddress
20:49:35.197 INFO  manager.TestNGListener -- Start test -->addNewContactWrongAddress
20:49:35.202 INFO  manager.ListenerWD -- Before find element-->By.cssSelector: [placeholder='Name']
20:49:40.265 INFO  manager.ListenerWD -- Huston, we have a problem!
20:49:40.266 INFO  manager.ListenerWD -- Failed method:findElement
20:49:40.267 INFO  manager.ListenerWD -- ***************
20:49:40.267 INFO  manager.ListenerWD -- Arguments:[By.cssSelector: [placeholder='Name']]
20:49:40.267 INFO  manager.ListenerWD -- ***************
20:49:40.267 INFO  manager.ListenerWD -- Exception:NoSuchElementException
20:49:40.267 INFO  manager.ListenerWD -- ***************
20:49:40.267 INFO  manager.ListenerWD -- Messageno such element: Unable to locate element: {"method":"css selector","selector":"[placeholder='Name']"}
  (Session info: chrome=149.0.7827.103)
For documentation on this error, please visit: https://www.selenium.dev/documentation/webdriver/troubleshooting/errors#no-such-element-exception
Build info: version: '4.26.0', revision: '8ccf0219d7'
System info: os.name: 'Windows 11', os.arch: 'amd64', os.version: '10.0', java.version: '21.0.10'
Driver info: org.openqa.selenium.chrome.ChromeDriver
Command: [552ff3c809a045220ebc44cb2def7f46, findElement {value=[placeholder='Name'], using=css selector}]
Capabilities {acceptInsecureCerts: false, browserName: chrome, browserVersion: 149.0.7827.103, chrome: {chromedriverVersion: 149.0.7827.55 (3188f8a607ae..., userDataDir: C:\Users\marii\AppData\Loca...}, fedcm:accounts: true, goog:chromeOptions: {debuggerAddress: localhost:56387}, goog:processID: 17384, networkConnectionEnabled: false, pageLoadStrategy: normal, platformName: windows, proxy: Proxy(), se:cdp: ws://localhost:56387/devtoo..., se:cdpVersion: 149.0.7827.103, setWindowRect: true, strictFileInteractability: false, timeouts: {implicit: 0, pageLoad: 300000, script: 30000}, unhandledPromptBehavior: dismiss and notify, webauthn:extension:credBlob: true, webauthn:extension:largeBlob: true, webauthn:extension:minPinLength: true, webauthn:extension:prf: true, webauthn:virtualAuthenticators: true}
Session ID: 552ff3c809a045220ebc44cb2def7f46
20:49:40.268 INFO  manager.ListenerWD -- ***************
20:49:40.268 INFO  manager.ListenerWD -- ***************
20:49:40.269 INFO  manager.ListenerWD -- Screen with error is--->src/test/screenshots/screen_1770.png
20:49:40.485 INFO  manager.TestNGListener -- Failure test -->null
20:49:40.485 ERROR io.qameta.allure.AllureLifecycle -- Could not add attachment: no test is running
20:49:40.697 ERROR io.qameta.allure.AllureLifecycle -- Could not add attachment: no test is running
20:49:40.701 INFO  tests.TestBase -- ==============================================
20:49:40.706 INFO  tests.TestBase -- Name of method (test) -->addNewContactWrongEmail
20:49:40.709 INFO  manager.TestNGListener -- Start test -->addNewContactWrongEmail
20:49:40.713 INFO  manager.ListenerWD -- Before find element-->By.cssSelector: [placeholder='Name']
20:49:45.781 INFO  manager.ListenerWD -- Huston, we have a problem!
20:49:45.781 INFO  manager.ListenerWD -- Failed method:findElement
20:49:45.781 INFO  manager.ListenerWD -- ***************
20:49:45.781 INFO  manager.ListenerWD -- Arguments:[By.cssSelector: [placeholder='Name']]
20:49:45.781 INFO  manager.ListenerWD -- ***************
20:49:45.781 INFO  manager.ListenerWD -- Exception:NoSuchElementException
20:49:45.781 INFO  manager.ListenerWD -- ***************
20:49:45.781 INFO  manager.ListenerWD -- Messageno such element: Unable to locate element: {"method":"css selector","selector":"[placeholder='Name']"}
  (Session info: chrome=149.0.7827.103)
For documentation on this error, please visit: https://www.selenium.dev/documentation/webdriver/troubleshooting/errors#no-such-element-exception
Build info: version: '4.26.0', revision: '8ccf0219d7'
System info: os.name: 'Windows 11', os.arch: 'amd64', os.version: '10.0', java.version: '21.0.10'
Driver info: org.openqa.selenium.chrome.ChromeDriver
Command: [552ff3c809a045220ebc44cb2def7f46, findElement {value=[placeholder='Name'], using=css selector}]
Capabilities {acceptInsecureCerts: false, browserName: chrome, browserVersion: 149.0.7827.103, chrome: {chromedriverVersion: 149.0.7827.55 (3188f8a607ae..., userDataDir: C:\Users\marii\AppData\Loca...}, fedcm:accounts: true, goog:chromeOptions: {debuggerAddress: localhost:56387}, goog:processID: 17384, networkConnectionEnabled: false, pageLoadStrategy: normal, platformName: windows, proxy: Proxy(), se:cdp: ws://localhost:56387/devtoo..., se:cdpVersion: 149.0.7827.103, setWindowRect: true, strictFileInteractability: false, timeouts: {implicit: 0, pageLoad: 300000, script: 30000}, unhandledPromptBehavior: dismiss and notify, webauthn:extension:credBlob: true, webauthn:extension:largeBlob: true, webauthn:extension:minPinLength: true, webauthn:extension:prf: true, webauthn:virtualAuthenticators: true}
Session ID: 552ff3c809a045220ebc44cb2def7f46
20:49:45.781 INFO  manager.ListenerWD -- ***************
20:49:45.781 INFO  manager.ListenerWD -- ***************
20:49:45.781 INFO  manager.ListenerWD -- Screen with error is--->src/test/screenshots/screen_1644.png
20:49:45.944 INFO  manager.TestNGListener -- Failure test -->null
20:49:45.944 ERROR io.qameta.allure.AllureLifecycle -- Could not add attachment: no test is running
20:49:46.100 ERROR io.qameta.allure.AllureLifecycle -- Could not add attachment: no test is running
20:49:46.105 INFO  tests.TestBase -- ==============================================
20:49:46.108 INFO  tests.TestBase -- Name of method (test) -->addNewContactWrongLastName
20:49:46.112 INFO  manager.TestNGListener -- Start test -->addNewContactWrongLastName
20:49:46.117 INFO  manager.ListenerWD -- Before find element-->By.cssSelector: [placeholder='Name']
20:49:51.177 INFO  manager.ListenerWD -- Huston, we have a problem!
20:49:51.178 INFO  manager.ListenerWD -- Failed method:findElement
20:49:51.178 INFO  manager.ListenerWD -- ***************
20:49:51.178 INFO  manager.ListenerWD -- Arguments:[By.cssSelector: [placeholder='Name']]
20:49:51.178 INFO  manager.ListenerWD -- ***************
20:49:51.178 INFO  manager.ListenerWD -- Exception:NoSuchElementException
20:49:51.178 INFO  manager.ListenerWD -- ***************
20:49:51.178 INFO  manager.ListenerWD -- Messageno such element: Unable to locate element: {"method":"css selector","selector":"[placeholder='Name']"}
  (Session info: chrome=149.0.7827.103)
For documentation on this error, please visit: https://www.selenium.dev/documentation/webdriver/troubleshooting/errors#no-such-element-exception
Build info: version: '4.26.0', revision: '8ccf0219d7'
System info: os.name: 'Windows 11', os.arch: 'amd64', os.version: '10.0', java.version: '21.0.10'
Driver info: org.openqa.selenium.chrome.ChromeDriver
Command: [552ff3c809a045220ebc44cb2def7f46, findElement {value=[placeholder='Name'], using=css selector}]
Capabilities {acceptInsecureCerts: false, browserName: chrome, browserVersion: 149.0.7827.103, chrome: {chromedriverVersion: 149.0.7827.55 (3188f8a607ae..., userDataDir: C:\Users\marii\AppData\Loca...}, fedcm:accounts: true, goog:chromeOptions: {debuggerAddress: localhost:56387}, goog:processID: 17384, networkConnectionEnabled: false, pageLoadStrategy: normal, platformName: windows, proxy: Proxy(), se:cdp: ws://localhost:56387/devtoo..., se:cdpVersion: 149.0.7827.103, setWindowRect: true, strictFileInteractability: false, timeouts: {implicit: 0, pageLoad: 300000, script: 30000}, unhandledPromptBehavior: dismiss and notify, webauthn:extension:credBlob: true, webauthn:extension:largeBlob: true, webauthn:extension:minPinLength: true, webauthn:extension:prf: true, webauthn:virtualAuthenticators: true}
Session ID: 552ff3c809a045220ebc44cb2def7f46
20:49:51.179 INFO  manager.ListenerWD -- ***************
20:49:51.179 INFO  manager.ListenerWD -- ***************
20:49:51.179 INFO  manager.ListenerWD -- Screen with error is--->src/test/screenshots/screen_1679.png
20:49:51.377 INFO  manager.TestNGListener -- Failure test -->null
20:49:51.377 ERROR io.qameta.allure.AllureLifecycle -- Could not add attachment: no test is running
20:49:51.557 ERROR io.qameta.allure.AllureLifecycle -- Could not add attachment: no test is running
20:49:51.559 INFO  tests.TestBase -- ==============================================
20:49:51.562 INFO  tests.TestBase -- Name of method (test) -->addNewContactWrongName
20:49:51.564 INFO  manager.TestNGListener -- Start test -->addNewContactWrongName
20:49:51.567 INFO  manager.ListenerWD -- Before find element-->By.cssSelector: [placeholder='Name']
20:49:56.586 INFO  manager.ListenerWD -- Huston, we have a problem!
20:49:56.586 INFO  manager.ListenerWD -- Failed method:findElement
20:49:56.586 INFO  manager.ListenerWD -- ***************
20:49:56.586 INFO  manager.ListenerWD -- Arguments:[By.cssSelector: [placeholder='Name']]
20:49:56.586 INFO  manager.ListenerWD -- ***************
20:49:56.586 INFO  manager.ListenerWD -- Exception:NoSuchElementException
20:49:56.587 INFO  manager.ListenerWD -- ***************
20:49:56.587 INFO  manager.ListenerWD -- Messageno such element: Unable to locate element: {"method":"css selector","selector":"[placeholder='Name']"}
  (Session info: chrome=149.0.7827.103)
For documentation on this error, please visit: https://www.selenium.dev/documentation/webdriver/troubleshooting/errors#no-such-element-exception
Build info: version: '4.26.0', revision: '8ccf0219d7'
System info: os.name: 'Windows 11', os.arch: 'amd64', os.version: '10.0', java.version: '21.0.10'
Driver info: org.openqa.selenium.chrome.ChromeDriver
Command: [552ff3c809a045220ebc44cb2def7f46, findElement {value=[placeholder='Name'], using=css selector}]
Capabilities {acceptInsecureCerts: false, browserName: chrome, browserVersion: 149.0.7827.103, chrome: {chromedriverVersion: 149.0.7827.55 (3188f8a607ae..., userDataDir: C:\Users\marii\AppData\Loca...}, fedcm:accounts: true, goog:chromeOptions: {debuggerAddress: localhost:56387}, goog:processID: 17384, networkConnectionEnabled: false, pageLoadStrategy: normal, platformName: windows, proxy: Proxy(), se:cdp: ws://localhost:56387/devtoo..., se:cdpVersion: 149.0.7827.103, setWindowRect: true, strictFileInteractability: false, timeouts: {implicit: 0, pageLoad: 300000, script: 30000}, unhandledPromptBehavior: dismiss and notify, webauthn:extension:credBlob: true, webauthn:extension:largeBlob: true, webauthn:extension:minPinLength: true, webauthn:extension:prf: true, webauthn:virtualAuthenticators: true}
Session ID: 552ff3c809a045220ebc44cb2def7f46
20:49:56.587 INFO  manager.ListenerWD -- ***************
20:49:56.587 INFO  manager.ListenerWD -- ***************
20:49:56.587 INFO  manager.ListenerWD -- Screen with error is--->src/test/screenshots/screen_1113.png
20:49:56.762 INFO  manager.TestNGListener -- Failure test -->null
20:49:56.763 ERROR io.qameta.allure.AllureLifecycle -- Could not add attachment: no test is running
20:49:56.966 ERROR io.qameta.allure.AllureLifecycle -- Could not add attachment: no test is running
20:49:56.970 INFO  tests.TestBase -- ==============================================
20:49:56.974 INFO  tests.TestBase -- Name of method (test) -->addNewContactWrongPhone
20:49:56.975 INFO  manager.TestNGListener -- Start test -->addNewContactWrongPhone
20:49:56.978 INFO  manager.ListenerWD -- Before find element-->By.cssSelector: [placeholder='Name']
20:50:01.994 INFO  manager.ListenerWD -- Huston, we have a problem!
20:50:01.995 INFO  manager.ListenerWD -- Failed method:findElement
20:50:01.996 INFO  manager.ListenerWD -- ***************
20:50:01.996 INFO  manager.ListenerWD -- Arguments:[By.cssSelector: [placeholder='Name']]
20:50:01.996 INFO  manager.ListenerWD -- ***************
20:50:01.996 INFO  manager.ListenerWD -- Exception:NoSuchElementException
20:50:01.996 INFO  manager.ListenerWD -- ***************
20:50:01.996 INFO  manager.ListenerWD -- Messageno such element: Unable to locate element: {"method":"css selector","selector":"[placeholder='Name']"}
  (Session info: chrome=149.0.7827.103)
For documentation on this error, please visit: https://www.selenium.dev/documentation/webdriver/troubleshooting/errors#no-such-element-exception
Build info: version: '4.26.0', revision: '8ccf0219d7'
System info: os.name: 'Windows 11', os.arch: 'amd64', os.version: '10.0', java.version: '21.0.10'
Driver info: org.openqa.selenium.chrome.ChromeDriver
Command: [552ff3c809a045220ebc44cb2def7f46, findElement {value=[placeholder='Name'], using=css selector}]
Capabilities {acceptInsecureCerts: false, browserName: chrome, browserVersion: 149.0.7827.103, chrome: {chromedriverVersion: 149.0.7827.55 (3188f8a607ae..., userDataDir: C:\Users\marii\AppData\Loca...}, fedcm:accounts: true, goog:chromeOptions: {debuggerAddress: localhost:56387}, goog:processID: 17384, networkConnectionEnabled: false, pageLoadStrategy: normal, platformName: windows, proxy: Proxy(), se:cdp: ws://localhost:56387/devtoo..., se:cdpVersion: 149.0.7827.103, setWindowRect: true, strictFileInteractability: false, timeouts: {implicit: 0, pageLoad: 300000, script: 30000}, unhandledPromptBehavior: dismiss and notify, webauthn:extension:credBlob: true, webauthn:extension:largeBlob: true, webauthn:extension:minPinLength: true, webauthn:extension:prf: true, webauthn:virtualAuthenticators: true}
Session ID: 552ff3c809a045220ebc44cb2def7f46
20:50:01.997 INFO  manager.ListenerWD -- ***************
20:50:01.997 INFO  manager.ListenerWD -- ***************
20:50:01.997 INFO  manager.ListenerWD -- Screen with error is--->src/test/screenshots/screen_1124.png
20:50:02.194 INFO  manager.TestNGListener -- Failure test -->null
20:50:02.195 ERROR io.qameta.allure.AllureLifecycle -- Could not add attachment: no test is running
20:50:02.400 ERROR io.qameta.allure.AllureLifecycle -- Could not add attachment: no test is running
20:50:02.409 INFO  tests.TestBase -- ==============================================
20:50:02.413 INFO  tests.TestBase -- Name of method (test) -->addNewContactWrongPhone
20:50:02.416 INFO  manager.TestNGListener -- Start test -->addNewContactWrongPhone
20:50:02.420 INFO  manager.ListenerWD -- Before find element-->By.cssSelector: [placeholder='Name']
20:50:07.434 INFO  manager.ListenerWD -- Huston, we have a problem!
20:50:07.435 INFO  manager.ListenerWD -- Failed method:findElement
20:50:07.435 INFO  manager.ListenerWD -- ***************
20:50:07.436 INFO  manager.ListenerWD -- Arguments:[By.cssSelector: [placeholder='Name']]
20:50:07.436 INFO  manager.ListenerWD -- ***************
20:50:07.436 INFO  manager.ListenerWD -- Exception:NoSuchElementException
20:50:07.436 INFO  manager.ListenerWD -- ***************
20:50:07.437 INFO  manager.ListenerWD -- Messageno such element: Unable to locate element: {"method":"css selector","selector":"[placeholder='Name']"}
  (Session info: chrome=149.0.7827.103)
For documentation on this error, please visit: https://www.selenium.dev/documentation/webdriver/troubleshooting/errors#no-such-element-exception
Build info: version: '4.26.0', revision: '8ccf0219d7'
System info: os.name: 'Windows 11', os.arch: 'amd64', os.version: '10.0', java.version: '21.0.10'
Driver info: org.openqa.selenium.chrome.ChromeDriver
Command: [552ff3c809a045220ebc44cb2def7f46, findElement {value=[placeholder='Name'], using=css selector}]
Capabilities {acceptInsecureCerts: false, browserName: chrome, browserVersion: 149.0.7827.103, chrome: {chromedriverVersion: 149.0.7827.55 (3188f8a607ae..., userDataDir: C:\Users\marii\AppData\Loca...}, fedcm:accounts: true, goog:chromeOptions: {debuggerAddress: localhost:56387}, goog:processID: 17384, networkConnectionEnabled: false, pageLoadStrategy: normal, platformName: windows, proxy: Proxy(), se:cdp: ws://localhost:56387/devtoo..., se:cdpVersion: 149.0.7827.103, setWindowRect: true, strictFileInteractability: false, timeouts: {implicit: 0, pageLoad: 300000, script: 30000}, unhandledPromptBehavior: dismiss and notify, webauthn:extension:credBlob: true, webauthn:extension:largeBlob: true, webauthn:extension:minPinLength: true, webauthn:extension:prf: true, webauthn:virtualAuthenticators: true}
Session ID: 552ff3c809a045220ebc44cb2def7f46
20:50:07.437 INFO  manager.ListenerWD -- ***************
20:50:07.438 INFO  manager.ListenerWD -- ***************
20:50:07.438 INFO  manager.ListenerWD -- Screen with error is--->src/test/screenshots/screen_1036.png
20:50:07.675 INFO  manager.TestNGListener -- Failure test -->null
20:50:07.676 ERROR io.qameta.allure.AllureLifecycle -- Could not add attachment: no test is running
20:50:07.875 ERROR io.qameta.allure.AllureLifecycle -- Could not add attachment: no test is running
20:50:07.878 INFO  tests.TestBase -- ==============================================
20:50:07.883 INFO  tests.TestBase -- Name of method (test) -->addNewContactWrongPhone
20:50:07.886 INFO  manager.TestNGListener -- Start test -->addNewContactWrongPhone
20:50:07.889 INFO  manager.ListenerWD -- Before find element-->By.cssSelector: [placeholder='Name']
20:50:12.928 INFO  manager.ListenerWD -- Huston, we have a problem!
20:50:12.928 INFO  manager.ListenerWD -- Failed method:findElement
20:50:12.928 INFO  manager.ListenerWD -- ***************
20:50:12.928 INFO  manager.ListenerWD -- Arguments:[By.cssSelector: [placeholder='Name']]
20:50:12.928 INFO  manager.ListenerWD -- ***************
20:50:12.928 INFO  manager.ListenerWD -- Exception:NoSuchElementException
20:50:12.928 INFO  manager.ListenerWD -- ***************
20:50:12.928 INFO  manager.ListenerWD -- Messageno such element: Unable to locate element: {"method":"css selector","selector":"[placeholder='Name']"}
  (Session info: chrome=149.0.7827.103)
For documentation on this error, please visit: https://www.selenium.dev/documentation/webdriver/troubleshooting/errors#no-such-element-exception
Build info: version: '4.26.0', revision: '8ccf0219d7'
System info: os.name: 'Windows 11', os.arch: 'amd64', os.version: '10.0', java.version: '21.0.10'
Driver info: org.openqa.selenium.chrome.ChromeDriver
Command: [552ff3c809a045220ebc44cb2def7f46, findElement {value=[placeholder='Name'], using=css selector}]
Capabilities {acceptInsecureCerts: false, browserName: chrome, browserVersion: 149.0.7827.103, chrome: {chromedriverVersion: 149.0.7827.55 (3188f8a607ae..., userDataDir: C:\Users\marii\AppData\Loca...}, fedcm:accounts: true, goog:chromeOptions: {debuggerAddress: localhost:56387}, goog:processID: 17384, networkConnectionEnabled: false, pageLoadStrategy: normal, platformName: windows, proxy: Proxy(), se:cdp: ws://localhost:56387/devtoo..., se:cdpVersion: 149.0.7827.103, setWindowRect: true, strictFileInteractability: false, timeouts: {implicit: 0, pageLoad: 300000, script: 30000}, unhandledPromptBehavior: dismiss and notify, webauthn:extension:credBlob: true, webauthn:extension:largeBlob: true, webauthn:extension:minPinLength: true, webauthn:extension:prf: true, webauthn:virtualAuthenticators: true}
Session ID: 552ff3c809a045220ebc44cb2def7f46
20:50:12.928 INFO  manager.ListenerWD -- ***************
20:50:12.928 INFO  manager.ListenerWD -- ***************
20:50:12.928 INFO  manager.ListenerWD -- Screen with error is--->src/test/screenshots/screen_1039.png
20:50:13.095 INFO  manager.TestNGListener -- Failure test -->null
20:50:13.096 ERROR io.qameta.allure.AllureLifecycle -- Could not add attachment: no test is running
20:50:13.247 ERROR io.qameta.allure.AllureLifecycle -- Could not add attachment: no test is running
20:50:13.250 INFO  tests.TestBase -- ==============================================
20:50:13.252 INFO  tests.TestBase -- Name of method (test) -->addNewContactWrongPhone
20:50:13.253 INFO  manager.TestNGListener -- Start test -->addNewContactWrongPhone
20:50:13.256 INFO  manager.ListenerWD -- Before find element-->By.cssSelector: [placeholder='Name']
20:50:18.318 INFO  manager.ListenerWD -- Huston, we have a problem!
20:50:18.319 INFO  manager.ListenerWD -- Failed method:findElement
20:50:18.319 INFO  manager.ListenerWD -- ***************
20:50:18.319 INFO  manager.ListenerWD -- Arguments:[By.cssSelector: [placeholder='Name']]
20:50:18.319 INFO  manager.ListenerWD -- ***************
20:50:18.319 INFO  manager.ListenerWD -- Exception:NoSuchElementException
20:50:18.319 INFO  manager.ListenerWD -- ***************
20:50:18.319 INFO  manager.ListenerWD -- Messageno such element: Unable to locate element: {"method":"css selector","selector":"[placeholder='Name']"}
  (Session info: chrome=149.0.7827.103)
For documentation on this error, please visit: https://www.selenium.dev/documentation/webdriver/troubleshooting/errors#no-such-element-exception
Build info: version: '4.26.0', revision: '8ccf0219d7'
System info: os.name: 'Windows 11', os.arch: 'amd64', os.version: '10.0', java.version: '21.0.10'
Driver info: org.openqa.selenium.chrome.ChromeDriver
Command: [552ff3c809a045220ebc44cb2def7f46, findElement {value=[placeholder='Name'], using=css selector}]
Capabilities {acceptInsecureCerts: false, browserName: chrome, browserVersion: 149.0.7827.103, chrome: {chromedriverVersion: 149.0.7827.55 (3188f8a607ae..., userDataDir: C:\Users\marii\AppData\Loca...}, fedcm:accounts: true, goog:chromeOptions: {debuggerAddress: localhost:56387}, goog:processID: 17384, networkConnectionEnabled: false, pageLoadStrategy: normal, platformName: windows, proxy: Proxy(), se:cdp: ws://localhost:56387/devtoo..., se:cdpVersion: 149.0.7827.103, setWindowRect: true, strictFileInteractability: false, timeouts: {implicit: 0, pageLoad: 300000, script: 30000}, unhandledPromptBehavior: dismiss and notify, webauthn:extension:credBlob: true, webauthn:extension:largeBlob: true, webauthn:extension:minPinLength: true, webauthn:extension:prf: true, webauthn:virtualAuthenticators: true}
Session ID: 552ff3c809a045220ebc44cb2def7f46
20:50:18.319 INFO  manager.ListenerWD -- ***************
20:50:18.319 INFO  manager.ListenerWD -- ***************
20:50:18.319 INFO  manager.ListenerWD -- Screen with error is--->src/test/screenshots/screen_1460.png
20:50:18.501 INFO  manager.TestNGListener -- Failure test -->null
20:50:18.501 ERROR io.qameta.allure.AllureLifecycle -- Could not add attachment: no test is running
20:50:18.646 ERROR io.qameta.allure.AllureLifecycle -- Could not add attachment: no test is running
20:50:18.652 INFO  tests.TestBase -- ==============================================
20:50:18.655 INFO  tests.TestBase -- Name of method (test) -->addNewContactWrongPhone
20:50:18.657 INFO  manager.TestNGListener -- Start test -->addNewContactWrongPhone
20:50:18.660 INFO  manager.ListenerWD -- Before find element-->By.cssSelector: [placeholder='Name']
20:50:23.694 INFO  manager.ListenerWD -- Huston, we have a problem!
20:50:23.695 INFO  manager.ListenerWD -- Failed method:findElement
20:50:23.695 INFO  manager.ListenerWD -- ***************
20:50:23.695 INFO  manager.ListenerWD -- Arguments:[By.cssSelector: [placeholder='Name']]
20:50:23.695 INFO  manager.ListenerWD -- ***************
20:50:23.695 INFO  manager.ListenerWD -- Exception:NoSuchElementException
20:50:23.695 INFO  manager.ListenerWD -- ***************
20:50:23.695 INFO  manager.ListenerWD -- Messageno such element: Unable to locate element: {"method":"css selector","selector":"[placeholder='Name']"}
  (Session info: chrome=149.0.7827.103)
For documentation on this error, please visit: https://www.selenium.dev/documentation/webdriver/troubleshooting/errors#no-such-element-exception
Build info: version: '4.26.0', revision: '8ccf0219d7'
System info: os.name: 'Windows 11', os.arch: 'amd64', os.version: '10.0', java.version: '21.0.10'
Driver info: org.openqa.selenium.chrome.ChromeDriver
Command: [552ff3c809a045220ebc44cb2def7f46, findElement {value=[placeholder='Name'], using=css selector}]
Capabilities {acceptInsecureCerts: false, browserName: chrome, browserVersion: 149.0.7827.103, chrome: {chromedriverVersion: 149.0.7827.55 (3188f8a607ae..., userDataDir: C:\Users\marii\AppData\Loca...}, fedcm:accounts: true, goog:chromeOptions: {debuggerAddress: localhost:56387}, goog:processID: 17384, networkConnectionEnabled: false, pageLoadStrategy: normal, platformName: windows, proxy: Proxy(), se:cdp: ws://localhost:56387/devtoo..., se:cdpVersion: 149.0.7827.103, setWindowRect: true, strictFileInteractability: false, timeouts: {implicit: 0, pageLoad: 300000, script: 30000}, unhandledPromptBehavior: dismiss and notify, webauthn:extension:credBlob: true, webauthn:extension:largeBlob: true, webauthn:extension:minPinLength: true, webauthn:extension:prf: true, webauthn:virtualAuthenticators: true}
Session ID: 552ff3c809a045220ebc44cb2def7f46
20:50:23.695 INFO  manager.ListenerWD -- ***************
20:50:23.695 INFO  manager.ListenerWD -- ***************
20:50:23.695 INFO  manager.ListenerWD -- Screen with error is--->src/test/screenshots/screen_1279.png
20:50:23.893 INFO  manager.TestNGListener -- Failure test -->null
20:50:23.894 ERROR io.qameta.allure.AllureLifecycle -- Could not add attachment: no test is running
20:50:24.087 ERROR io.qameta.allure.AllureLifecycle -- Could not add attachment: no test is running
20:50:24.090 INFO  tests.TestBase -- ==============================================
20:50:24.097 INFO  tests.TestBase -- Name of method (test) -->loginSuccess
20:50:24.136 INFO  manager.ListenerWD -- Before find element-->By.xpath: //button[text()='Sign Out']
20:50:24.170 INFO  manager.ListenerWD -- After find element-->By.xpath: //button[text()='Sign Out']
20:50:24.179 INFO  manager.ListenerWD -- Location of element-->button
20:50:24.205 INFO  manager.ListenerWD -- Before click element -->buttontext-->Sign Out
20:50:24.287 INFO  tests.TestBase -- Before method finished logout
20:50:24.288 INFO  manager.TestNGListener -- Start test -->loginSuccess
20:50:24.292 INFO  tests.TestBase -- Start test with name 'loginSuccess'
20:50:24.292 INFO  tests.TestBase -- Test data ---> email: margo@gmail.com & password: Mmar123456$
20:50:24.292 INFO  manager.ListenerWD -- Before find element-->By.cssSelector: a[href='/login']
20:50:24.322 INFO  manager.ListenerWD -- After find element-->By.cssSelector: a[href='/login']
20:50:24.328 INFO  manager.ListenerWD -- Location of element-->a
20:50:24.342 INFO  manager.ListenerWD -- Before click element -->atext-->LOGIN
20:50:24.395 INFO  manager.ListenerWD -- After click element -->a
20:50:24.395 INFO  manager.HelperBase -- open form by click on button with locator a[href='/login']
20:50:24.396 INFO  manager.ListenerWD -- Before find element-->By.name: email
20:50:24.423 INFO  manager.ListenerWD -- After find element-->By.name: email
20:50:24.428 INFO  manager.ListenerWD -- Location of element-->input
20:50:24.442 INFO  manager.ListenerWD -- Before click element -->inputtext-->
20:50:24.522 INFO  manager.ListenerWD -- After click element -->input
20:50:24.558 INFO  manager.ListenerWD -- sendKeyds-->
20:50:24.563 INFO  manager.ListenerWD -- sendKeyds_TagName-->input
20:50:24.597 INFO  manager.ListenerWD -- sendKeyds-->
20:50:24.602 INFO  manager.ListenerWD -- sendKeyds_TagName-->input
20:50:24.635 INFO  manager.ListenerWD -- sendKeyds-->
20:50:24.639 INFO  manager.ListenerWD -- sendKeyds_TagName-->input
20:50:24.669 INFO  manager.HelperBase -- type in input with locator By.name("email") 
20:50:24.669 INFO  manager.ListenerWD -- Before find element-->By.xpath: //input[@placeholder='Password']
20:50:24.693 INFO  manager.ListenerWD -- After find element-->By.xpath: //input[@placeholder='Password']
20:50:24.699 INFO  manager.ListenerWD -- Location of element-->input
20:50:24.716 INFO  manager.ListenerWD -- Before click element -->inputtext-->
20:50:24.769 INFO  manager.ListenerWD -- After click element -->input
20:50:24.791 INFO  manager.ListenerWD -- sendKeyds-->
20:50:24.796 INFO  manager.ListenerWD -- sendKeyds_TagName-->input
20:50:24.819 INFO  manager.ListenerWD -- sendKeyds-->
20:50:24.822 INFO  manager.ListenerWD -- sendKeyds_TagName-->input
20:50:24.849 INFO  manager.ListenerWD -- sendKeyds-->
20:50:24.854 INFO  manager.ListenerWD -- sendKeyds_TagName-->input
20:50:24.876 INFO  manager.ListenerWD -- Before find element-->By.xpath: //button[text()='Login']
20:50:24.898 INFO  manager.ListenerWD -- After find element-->By.xpath: //button[text()='Login']
20:50:24.905 INFO  manager.ListenerWD -- Location of element-->button
20:50:24.916 INFO  manager.ListenerWD -- Before click element -->buttontext-->Login
20:50:25.662 INFO  tests.TestBase -- Assert check is element button 'Sign out' present
20:50:25.665 INFO  manager.TestNGListener -- Success test -->loginSuccess
20:50:25.665 INFO  tests.TestBase -- ==============================================
20:50:25.668 INFO  tests.TestBase -- Name of method (test) -->loginSuccess
20:50:25.691 INFO  manager.ListenerWD -- Before find element-->By.xpath: //button[text()='Sign Out']
20:50:25.712 INFO  manager.ListenerWD -- After find element-->By.xpath: //button[text()='Sign Out']
20:50:25.718 INFO  manager.ListenerWD -- Location of element-->button
20:50:25.728 INFO  manager.ListenerWD -- Before click element -->buttontext-->Sign Out
20:50:25.779 INFO  tests.TestBase -- Before method finished logout
20:50:25.781 INFO  manager.TestNGListener -- Start test -->loginSuccess
20:50:25.783 INFO  tests.TestBase -- Start test with name 'loginSuccess'
20:50:25.784 INFO  tests.TestBase -- Test data ---> email: sonya@gmail.com & password: Ss12345$
20:50:25.784 INFO  manager.ListenerWD -- Before find element-->By.cssSelector: a[href='/login']
20:50:25.806 INFO  manager.ListenerWD -- After find element-->By.cssSelector: a[href='/login']
20:50:25.811 INFO  manager.ListenerWD -- Location of element-->a
20:50:25.821 INFO  manager.ListenerWD -- Before click element -->atext-->LOGIN
20:50:25.861 INFO  manager.ListenerWD -- After click element -->a
20:50:25.861 INFO  manager.HelperBase -- open form by click on button with locator a[href='/login']
20:50:25.861 INFO  manager.ListenerWD -- Before find element-->By.name: email
20:50:25.881 INFO  manager.ListenerWD -- After find element-->By.name: email
20:50:25.887 INFO  manager.ListenerWD -- Location of element-->input
20:50:25.897 INFO  manager.ListenerWD -- Before click element -->inputtext-->
20:50:25.958 INFO  manager.ListenerWD -- After click element -->input
20:50:25.983 INFO  manager.ListenerWD -- sendKeyds-->
20:50:25.989 INFO  manager.ListenerWD -- sendKeyds_TagName-->input
20:50:26.014 INFO  manager.ListenerWD -- sendKeyds-->
20:50:26.018 INFO  manager.ListenerWD -- sendKeyds_TagName-->input
20:50:26.047 INFO  manager.ListenerWD -- sendKeyds-->
20:50:26.051 INFO  manager.ListenerWD -- sendKeyds_TagName-->input
20:50:26.077 INFO  manager.HelperBase -- type in input with locator By.name("email") 
20:50:26.077 INFO  manager.ListenerWD -- Before find element-->By.xpath: //input[@placeholder='Password']
20:50:26.092 INFO  manager.ListenerWD -- After find element-->By.xpath: //input[@placeholder='Password']
20:50:26.099 INFO  manager.ListenerWD -- Location of element-->input
20:50:26.109 INFO  manager.ListenerWD -- Before click element -->inputtext-->
20:50:26.167 INFO  manager.ListenerWD -- After click element -->input
20:50:26.198 INFO  manager.ListenerWD -- sendKeyds-->
20:50:26.203 INFO  manager.ListenerWD -- sendKeyds_TagName-->input
20:50:26.227 INFO  manager.ListenerWD -- sendKeyds-->
20:50:26.232 INFO  manager.ListenerWD -- sendKeyds_TagName-->input
20:50:26.265 INFO  manager.ListenerWD -- sendKeyds-->
20:50:26.270 INFO  manager.ListenerWD -- sendKeyds_TagName-->input
20:50:26.292 INFO  manager.ListenerWD -- Before find element-->By.xpath: //button[text()='Login']
20:50:26.314 INFO  manager.ListenerWD -- After find element-->By.xpath: //button[text()='Login']
20:50:26.318 INFO  manager.ListenerWD -- Location of element-->button
20:50:26.329 INFO  manager.ListenerWD -- Before click element -->buttontext-->Login
20:50:26.655 INFO  tests.TestBase -- Assert check is element button 'Sign out' present
20:50:26.657 INFO  manager.TestNGListener -- Success test -->loginSuccess
20:50:26.658 INFO  tests.TestBase -- ==============================================
20:50:26.660 INFO  tests.TestBase -- Name of method (test) -->loginSuccess
20:50:26.685 INFO  manager.ListenerWD -- Before find element-->By.xpath: //button[text()='Sign Out']
20:50:26.704 INFO  manager.ListenerWD -- After find element-->By.xpath: //button[text()='Sign Out']
20:50:26.709 INFO  manager.ListenerWD -- Location of element-->button
20:50:26.720 INFO  manager.ListenerWD -- Before click element -->buttontext-->Sign Out
20:50:26.768 INFO  tests.TestBase -- Before method finished logout
20:50:26.770 INFO  manager.TestNGListener -- Start test -->loginSuccess
20:50:26.771 INFO  tests.TestBase -- Start test with name 'loginSuccess'
20:50:26.771 INFO  tests.TestBase -- Test data ---> email: art276@art.com & password: $Art1$2$3456789
20:50:26.772 INFO  manager.ListenerWD -- Before find element-->By.cssSelector: a[href='/login']
20:50:26.789 INFO  manager.ListenerWD -- After find element-->By.cssSelector: a[href='/login']
20:50:26.794 INFO  manager.ListenerWD -- Location of element-->a
20:50:26.802 INFO  manager.ListenerWD -- Before click element -->atext-->LOGIN
20:50:26.851 INFO  manager.ListenerWD -- After click element -->a
20:50:26.851 INFO  manager.HelperBase -- open form by click on button with locator a[href='/login']
20:50:26.851 INFO  manager.ListenerWD -- Before find element-->By.name: email
20:50:26.868 INFO  manager.ListenerWD -- After find element-->By.name: email
20:50:26.874 INFO  manager.ListenerWD -- Location of element-->input
20:50:26.887 INFO  manager.ListenerWD -- Before click element -->inputtext-->
20:50:26.955 INFO  manager.ListenerWD -- After click element -->input
20:50:26.984 INFO  manager.ListenerWD -- sendKeyds-->
20:50:26.987 INFO  manager.ListenerWD -- sendKeyds_TagName-->input
20:50:27.014 INFO  manager.ListenerWD -- sendKeyds-->
20:50:27.019 INFO  manager.ListenerWD -- sendKeyds_TagName-->input
20:50:27.049 INFO  manager.ListenerWD -- sendKeyds-->
20:50:27.057 INFO  manager.ListenerWD -- sendKeyds_TagName-->input
20:50:27.086 INFO  manager.HelperBase -- type in input with locator By.name("email") 
20:50:27.086 INFO  manager.ListenerWD -- Before find element-->By.xpath: //input[@placeholder='Password']
20:50:27.103 INFO  manager.ListenerWD -- After find element-->By.xpath: //input[@placeholder='Password']
20:50:27.108 INFO  manager.ListenerWD -- Location of element-->input
20:50:27.120 INFO  manager.ListenerWD -- Before click element -->inputtext-->
20:50:27.160 INFO  manager.ListenerWD -- After click element -->input
20:50:27.182 INFO  manager.ListenerWD -- sendKeyds-->
20:50:27.186 INFO  manager.ListenerWD -- sendKeyds_TagName-->input
20:50:27.211 INFO  manager.ListenerWD -- sendKeyds-->
20:50:27.216 INFO  manager.ListenerWD -- sendKeyds_TagName-->input
20:50:27.240 INFO  manager.ListenerWD -- sendKeyds-->
20:50:27.244 INFO  manager.ListenerWD -- sendKeyds_TagName-->input
20:50:27.275 INFO  manager.ListenerWD -- Before find element-->By.xpath: //button[text()='Login']
20:50:27.291 INFO  manager.ListenerWD -- After find element-->By.xpath: //button[text()='Login']
20:50:27.299 INFO  manager.ListenerWD -- Location of element-->button
20:50:27.309 INFO  manager.ListenerWD -- Before click element -->buttontext-->Login
20:50:27.621 INFO  tests.TestBase -- Assert check is element button 'Sign out' present
20:50:27.622 INFO  manager.TestNGListener -- Success test -->loginSuccess
20:50:27.623 INFO  tests.TestBase -- ==============================================
20:50:27.626 INFO  tests.TestBase -- Name of method (test) -->loginSuccess1
20:50:27.648 INFO  manager.ListenerWD -- Before find element-->By.xpath: //button[text()='Sign Out']
20:50:27.667 INFO  manager.ListenerWD -- After find element-->By.xpath: //button[text()='Sign Out']
20:50:27.672 INFO  manager.ListenerWD -- Location of element-->button
20:50:27.683 INFO  manager.ListenerWD -- Before click element -->buttontext-->Sign Out
20:50:27.736 INFO  tests.TestBase -- Before method finished logout
20:50:27.738 INFO  manager.TestNGListener -- Start test -->loginSuccess1
20:50:27.739 INFO  manager.ListenerWD -- Before find element-->By.cssSelector: a[href='/login']
20:50:27.756 INFO  manager.ListenerWD -- After find element-->By.cssSelector: a[href='/login']
20:50:27.761 INFO  manager.ListenerWD -- Location of element-->a
20:50:27.771 INFO  manager.ListenerWD -- Before click element -->atext-->LOGIN
20:50:27.810 INFO  manager.ListenerWD -- After click element -->a
20:50:27.811 INFO  manager.HelperBase -- open form by click on button with locator a[href='/login']
20:50:27.811 INFO  manager.ListenerWD -- Before find element-->By.name: email
20:50:27.827 INFO  manager.ListenerWD -- After find element-->By.name: email
20:50:27.832 INFO  manager.ListenerWD -- Location of element-->input
20:50:27.842 INFO  manager.ListenerWD -- Before click element -->inputtext-->
20:50:27.908 INFO  manager.ListenerWD -- After click element -->input
20:50:27.933 INFO  manager.ListenerWD -- sendKeyds-->
20:50:27.937 INFO  manager.ListenerWD -- sendKeyds_TagName-->input
20:50:27.963 INFO  manager.ListenerWD -- sendKeyds-->
20:50:27.967 INFO  manager.ListenerWD -- sendKeyds_TagName-->input
20:50:27.991 INFO  manager.ListenerWD -- sendKeyds-->
20:50:27.996 INFO  manager.ListenerWD -- sendKeyds_TagName-->input
20:50:28.023 INFO  manager.ListenerWD -- Before find element-->By.xpath: //input[@placeholder='Password']
20:50:28.039 INFO  manager.ListenerWD -- After find element-->By.xpath: //input[@placeholder='Password']
20:50:28.044 INFO  manager.ListenerWD -- Location of element-->input
20:50:28.055 INFO  manager.ListenerWD -- Before click element -->inputtext-->
20:50:28.095 INFO  manager.ListenerWD -- After click element -->input
20:50:28.116 INFO  manager.ListenerWD -- sendKeyds-->
20:50:28.119 INFO  manager.ListenerWD -- sendKeyds_TagName-->input
20:50:28.146 INFO  manager.ListenerWD -- sendKeyds-->
20:50:28.149 INFO  manager.ListenerWD -- sendKeyds_TagName-->input
20:50:28.172 INFO  manager.ListenerWD -- sendKeyds-->
20:50:28.176 INFO  manager.ListenerWD -- sendKeyds_TagName-->input
20:50:28.204 INFO  manager.ListenerWD -- Before find element-->By.xpath: //button[text()='Login']
20:50:28.218 INFO  manager.ListenerWD -- After find element-->By.xpath: //button[text()='Login']
20:50:28.222 INFO  manager.ListenerWD -- Location of element-->button
20:50:28.234 INFO  manager.ListenerWD -- Before click element -->buttontext-->Login
20:50:28.606 INFO  manager.TestNGListener -- Success test -->loginSuccess1
20:50:28.608 INFO  tests.TestBase -- ==============================================
20:50:28.610 INFO  tests.TestBase -- Name of method (test) -->loginSuccessModel
20:50:28.631 INFO  manager.ListenerWD -- Before find element-->By.xpath: //button[text()='Sign Out']
20:50:28.650 INFO  manager.ListenerWD -- After find element-->By.xpath: //button[text()='Sign Out']
20:50:28.656 INFO  manager.ListenerWD -- Location of element-->button
20:50:28.668 INFO  manager.ListenerWD -- Before click element -->buttontext-->Sign Out
20:50:28.719 INFO  tests.TestBase -- Before method finished logout
20:50:28.721 INFO  manager.TestNGListener -- Start test -->loginSuccessModel
20:50:28.723 INFO  tests.TestBase -- Test data---> User{email='margo@gmail.com', password='Mmar123456$'}
20:50:28.723 INFO  manager.ListenerWD -- Before find element-->By.cssSelector: a[href='/login']
20:50:28.740 INFO  manager.ListenerWD -- After find element-->By.cssSelector: a[href='/login']
20:50:28.747 INFO  manager.ListenerWD -- Location of element-->a
20:50:28.760 INFO  manager.ListenerWD -- Before click element -->atext-->LOGIN
20:50:28.809 INFO  manager.ListenerWD -- After click element -->a
20:50:28.809 INFO  manager.HelperBase -- open form by click on button with locator a[href='/login']
20:50:28.809 INFO  manager.ListenerWD -- Before find element-->By.name: email
20:50:28.828 INFO  manager.ListenerWD -- After find element-->By.name: email
20:50:28.834 INFO  manager.ListenerWD -- Location of element-->input
20:50:28.847 INFO  manager.ListenerWD -- Before click element -->inputtext-->
20:50:28.906 INFO  manager.ListenerWD -- After click element -->input
20:50:28.928 INFO  manager.ListenerWD -- sendKeyds-->
20:50:28.933 INFO  manager.ListenerWD -- sendKeyds_TagName-->input
20:50:28.958 INFO  manager.ListenerWD -- sendKeyds-->
20:50:28.962 INFO  manager.ListenerWD -- sendKeyds_TagName-->input
20:50:28.987 INFO  manager.ListenerWD -- sendKeyds-->
20:50:28.991 INFO  manager.ListenerWD -- sendKeyds_TagName-->input
20:50:29.020 INFO  manager.ListenerWD -- Before find element-->By.xpath: //input[@placeholder='Password']
20:50:29.034 INFO  manager.ListenerWD -- After find element-->By.xpath: //input[@placeholder='Password']
20:50:29.038 INFO  manager.ListenerWD -- Location of element-->input
20:50:29.050 INFO  manager.ListenerWD -- Before click element -->inputtext-->
20:50:29.098 INFO  manager.ListenerWD -- After click element -->input
20:50:29.119 INFO  manager.ListenerWD -- sendKeyds-->
20:50:29.124 INFO  manager.ListenerWD -- sendKeyds_TagName-->input
20:50:29.149 INFO  manager.ListenerWD -- sendKeyds-->
20:50:29.152 INFO  manager.ListenerWD -- sendKeyds_TagName-->input
20:50:29.177 INFO  manager.ListenerWD -- sendKeyds-->
20:50:29.182 INFO  manager.ListenerWD -- sendKeyds_TagName-->input
20:50:29.208 INFO  manager.ListenerWD -- Before find element-->By.xpath: //button[text()='Login']
20:50:29.223 INFO  manager.ListenerWD -- After find element-->By.xpath: //button[text()='Login']
20:50:29.227 INFO  manager.ListenerWD -- Location of element-->button
20:50:29.238 INFO  manager.ListenerWD -- Before click element -->buttontext-->Login
20:50:29.603 INFO  tests.TestBase -- Assert check is element button 'Sign out' present
20:50:29.606 INFO  manager.TestNGListener -- Success test -->loginSuccessModel
20:50:29.607 INFO  tests.TestBase -- ==============================================
20:50:29.609 INFO  tests.TestBase -- Name of method (test) -->loginSuccessModel
20:50:29.630 INFO  manager.ListenerWD -- Before find element-->By.xpath: //button[text()='Sign Out']
20:50:29.650 INFO  manager.ListenerWD -- After find element-->By.xpath: //button[text()='Sign Out']
20:50:29.657 INFO  manager.ListenerWD -- Location of element-->button
20:50:29.668 INFO  manager.ListenerWD -- Before click element -->buttontext-->Sign Out
20:50:29.716 INFO  tests.TestBase -- Before method finished logout
20:50:29.719 INFO  manager.TestNGListener -- Start test -->loginSuccessModel
20:50:29.721 INFO  tests.TestBase -- Test data---> User{email='sonya@gmail.com', password='Ss12345$'}
20:50:29.721 INFO  manager.ListenerWD -- Before find element-->By.cssSelector: a[href='/login']
20:50:29.735 INFO  manager.ListenerWD -- After find element-->By.cssSelector: a[href='/login']
20:50:29.740 INFO  manager.ListenerWD -- Location of element-->a
20:50:29.751 INFO  manager.ListenerWD -- Before click element -->atext-->LOGIN
20:50:29.789 INFO  manager.ListenerWD -- After click element -->a
20:50:29.789 INFO  manager.HelperBase -- open form by click on button with locator a[href='/login']
20:50:29.790 INFO  manager.ListenerWD -- Before find element-->By.name: email
20:50:29.807 INFO  manager.ListenerWD -- After find element-->By.name: email
20:50:29.813 INFO  manager.ListenerWD -- Location of element-->input
20:50:29.823 INFO  manager.ListenerWD -- Before click element -->inputtext-->
20:50:29.888 INFO  manager.ListenerWD -- After click element -->input
20:50:29.914 INFO  manager.ListenerWD -- sendKeyds-->
20:50:29.917 INFO  manager.ListenerWD -- sendKeyds_TagName-->input
20:50:29.941 INFO  manager.ListenerWD -- sendKeyds-->
20:50:29.946 INFO  manager.ListenerWD -- sendKeyds_TagName-->input
20:50:29.972 INFO  manager.ListenerWD -- sendKeyds-->
20:50:29.976 INFO  manager.ListenerWD -- sendKeyds_TagName-->input
20:50:30.002 INFO  manager.ListenerWD -- Before find element-->By.xpath: //input[@placeholder='Password']
20:50:30.017 INFO  manager.ListenerWD -- After find element-->By.xpath: //input[@placeholder='Password']
20:50:30.022 INFO  manager.ListenerWD -- Location of element-->input
20:50:30.032 INFO  manager.ListenerWD -- Before click element -->inputtext-->
20:50:30.077 INFO  manager.ListenerWD -- After click element -->input
20:50:30.101 INFO  manager.ListenerWD -- sendKeyds-->
20:50:30.104 INFO  manager.ListenerWD -- sendKeyds_TagName-->input
20:50:30.126 INFO  manager.ListenerWD -- sendKeyds-->
20:50:30.132 INFO  manager.ListenerWD -- sendKeyds_TagName-->input
20:50:30.159 INFO  manager.ListenerWD -- sendKeyds-->
20:50:30.167 INFO  manager.ListenerWD -- sendKeyds_TagName-->input
20:50:30.196 INFO  manager.ListenerWD -- Before find element-->By.xpath: //button[text()='Login']
20:50:30.214 INFO  manager.ListenerWD -- After find element-->By.xpath: //button[text()='Login']
20:50:30.219 INFO  manager.ListenerWD -- Location of element-->button
20:50:30.227 INFO  manager.ListenerWD -- Before click element -->buttontext-->Login
20:50:30.537 INFO  tests.TestBase -- Assert check is element button 'Sign out' present
20:50:30.538 INFO  manager.TestNGListener -- Success test -->loginSuccessModel
20:50:30.539 INFO  tests.TestBase -- ==============================================
20:50:30.541 INFO  tests.TestBase -- Name of method (test) -->loginSuccessModelDPF
20:50:30.561 INFO  manager.ListenerWD -- Before find element-->By.xpath: //button[text()='Sign Out']
20:50:30.576 INFO  manager.ListenerWD -- After find element-->By.xpath: //button[text()='Sign Out']
20:50:30.582 INFO  manager.ListenerWD -- Location of element-->button
20:50:30.594 INFO  manager.ListenerWD -- Before click element -->buttontext-->Sign Out
20:50:30.640 INFO  tests.TestBase -- Before method finished logout
20:50:30.641 INFO  manager.TestNGListener -- Start test -->loginSuccessModelDPF
20:50:30.642 INFO  tests.TestBase -- Test data---> User{email='margo@gmail.com', password='Mmar123456$'}
20:50:30.642 INFO  manager.ListenerWD -- Before find element-->By.cssSelector: a[href='/login']
20:50:30.659 INFO  manager.ListenerWD -- After find element-->By.cssSelector: a[href='/login']
20:50:30.665 INFO  manager.ListenerWD -- Location of element-->a
20:50:30.677 INFO  manager.ListenerWD -- Before click element -->atext-->LOGIN
20:50:30.719 INFO  manager.ListenerWD -- After click element -->a
20:50:30.719 INFO  manager.HelperBase -- open form by click on button with locator a[href='/login']
20:50:30.719 INFO  manager.ListenerWD -- Before find element-->By.name: email
20:50:30.734 INFO  manager.ListenerWD -- After find element-->By.name: email
20:50:30.739 INFO  manager.ListenerWD -- Location of element-->input
20:50:30.749 INFO  manager.ListenerWD -- Before click element -->inputtext-->
20:50:30.811 INFO  manager.ListenerWD -- After click element -->input
20:50:30.836 INFO  manager.ListenerWD -- sendKeyds-->
20:50:30.841 INFO  manager.ListenerWD -- sendKeyds_TagName-->input
20:50:30.866 INFO  manager.ListenerWD -- sendKeyds-->
20:50:30.871 INFO  manager.ListenerWD -- sendKeyds_TagName-->input
20:50:30.896 INFO  manager.ListenerWD -- sendKeyds-->
20:50:30.900 INFO  manager.ListenerWD -- sendKeyds_TagName-->input
20:50:30.930 INFO  manager.ListenerWD -- Before find element-->By.xpath: //input[@placeholder='Password']
20:50:30.946 INFO  manager.ListenerWD -- After find element-->By.xpath: //input[@placeholder='Password']
20:50:30.950 INFO  manager.ListenerWD -- Location of element-->input
20:50:30.959 INFO  manager.ListenerWD -- Before click element -->inputtext-->
20:50:31.001 INFO  manager.ListenerWD -- After click element -->input
20:50:31.022 INFO  manager.ListenerWD -- sendKeyds-->
20:50:31.026 INFO  manager.ListenerWD -- sendKeyds_TagName-->input
20:50:31.052 INFO  manager.ListenerWD -- sendKeyds-->
20:50:31.057 INFO  manager.ListenerWD -- sendKeyds_TagName-->input
20:50:31.081 INFO  manager.ListenerWD -- sendKeyds-->
20:50:31.086 INFO  manager.ListenerWD -- sendKeyds_TagName-->input
20:50:31.113 INFO  manager.ListenerWD -- Before find element-->By.xpath: //button[text()='Login']
20:50:31.126 INFO  manager.ListenerWD -- After find element-->By.xpath: //button[text()='Login']
20:50:31.131 INFO  manager.ListenerWD -- Location of element-->button
20:50:31.146 INFO  manager.ListenerWD -- Before click element -->buttontext-->Login
20:50:31.457 INFO  tests.TestBase -- Assert check is element button 'Sign out' present
20:50:31.459 INFO  manager.TestNGListener -- Success test -->loginSuccessModelDPF
20:50:31.460 INFO  tests.TestBase -- ==============================================
20:50:31.462 INFO  tests.TestBase -- Name of method (test) -->loginSuccessModelDPF
20:50:31.482 INFO  manager.ListenerWD -- Before find element-->By.xpath: //button[text()='Sign Out']
20:50:31.501 INFO  manager.ListenerWD -- After find element-->By.xpath: //button[text()='Sign Out']
20:50:31.506 INFO  manager.ListenerWD -- Location of element-->button
20:50:31.517 INFO  manager.ListenerWD -- Before click element -->buttontext-->Sign Out
20:50:31.562 INFO  tests.TestBase -- Before method finished logout
20:50:31.564 INFO  manager.TestNGListener -- Start test -->loginSuccessModelDPF
20:50:31.565 INFO  tests.TestBase -- Test data---> User{email='sonya@gmail.com', password='Ss12345$'}
20:50:31.566 INFO  manager.ListenerWD -- Before find element-->By.cssSelector: a[href='/login']
20:50:31.581 INFO  manager.ListenerWD -- After find element-->By.cssSelector: a[href='/login']
20:50:31.586 INFO  manager.ListenerWD -- Location of element-->a
20:50:31.596 INFO  manager.ListenerWD -- Before click element -->atext-->LOGIN
20:50:31.635 INFO  manager.ListenerWD -- After click element -->a
20:50:31.636 INFO  manager.HelperBase -- open form by click on button with locator a[href='/login']
20:50:31.636 INFO  manager.ListenerWD -- Before find element-->By.name: email
20:50:31.650 INFO  manager.ListenerWD -- After find element-->By.name: email
20:50:31.654 INFO  manager.ListenerWD -- Location of element-->input
20:50:31.666 INFO  manager.ListenerWD -- Before click element -->inputtext-->
20:50:31.730 INFO  manager.ListenerWD -- After click element -->input
20:50:31.758 INFO  manager.ListenerWD -- sendKeyds-->
20:50:31.763 INFO  manager.ListenerWD -- sendKeyds_TagName-->input
20:50:31.789 INFO  manager.ListenerWD -- sendKeyds-->
20:50:31.792 INFO  manager.ListenerWD -- sendKeyds_TagName-->input
20:50:31.818 INFO  manager.ListenerWD -- sendKeyds-->
20:50:31.822 INFO  manager.ListenerWD -- sendKeyds_TagName-->input
20:50:31.854 INFO  manager.ListenerWD -- Before find element-->By.xpath: //input[@placeholder='Password']
20:50:31.871 INFO  manager.ListenerWD -- After find element-->By.xpath: //input[@placeholder='Password']
20:50:31.875 INFO  manager.ListenerWD -- Location of element-->input
20:50:31.888 INFO  manager.ListenerWD -- Before click element -->inputtext-->
20:50:31.943 INFO  manager.ListenerWD -- After click element -->input
20:50:31.972 INFO  manager.ListenerWD -- sendKeyds-->
20:50:31.977 INFO  manager.ListenerWD -- sendKeyds_TagName-->input
20:50:32.002 INFO  manager.ListenerWD -- sendKeyds-->
20:50:32.006 INFO  manager.ListenerWD -- sendKeyds_TagName-->input
20:50:32.034 INFO  manager.ListenerWD -- sendKeyds-->
20:50:32.037 INFO  manager.ListenerWD -- sendKeyds_TagName-->input
20:50:32.060 INFO  manager.ListenerWD -- Before find element-->By.xpath: //button[text()='Login']
20:50:32.077 INFO  manager.ListenerWD -- After find element-->By.xpath: //button[text()='Login']
20:50:32.082 INFO  manager.ListenerWD -- Location of element-->button
20:50:32.093 INFO  manager.ListenerWD -- Before click element -->buttontext-->Login
20:50:32.405 INFO  tests.TestBase -- Assert check is element button 'Sign out' present
20:50:32.407 INFO  manager.TestNGListener -- Success test -->loginSuccessModelDPF
20:50:32.407 INFO  tests.TestBase -- ==============================================
20:50:32.409 INFO  tests.TestBase -- Name of method (test) -->loginSuccessModelDPF
20:50:32.429 INFO  manager.ListenerWD -- Before find element-->By.xpath: //button[text()='Sign Out']
20:50:32.444 INFO  manager.ListenerWD -- After find element-->By.xpath: //button[text()='Sign Out']
20:50:32.449 INFO  manager.ListenerWD -- Location of element-->button
20:50:32.460 INFO  manager.ListenerWD -- Before click element -->buttontext-->Sign Out
20:50:32.503 INFO  tests.TestBase -- Before method finished logout
20:50:32.505 INFO  manager.TestNGListener -- Start test -->loginSuccessModelDPF
20:50:32.506 INFO  tests.TestBase -- Test data---> User{email='margo@gmail.com', password='Mmar123456$'}
20:50:32.506 INFO  manager.ListenerWD -- Before find element-->By.cssSelector: a[href='/login']
20:50:32.522 INFO  manager.ListenerWD -- After find element-->By.cssSelector: a[href='/login']
20:50:32.526 INFO  manager.ListenerWD -- Location of element-->a
20:50:32.536 INFO  manager.ListenerWD -- Before click element -->atext-->LOGIN
20:50:32.575 INFO  manager.ListenerWD -- After click element -->a
20:50:32.575 INFO  manager.HelperBase -- open form by click on button with locator a[href='/login']
20:50:32.576 INFO  manager.ListenerWD -- Before find element-->By.name: email
20:50:32.590 INFO  manager.ListenerWD -- After find element-->By.name: email
20:50:32.595 INFO  manager.ListenerWD -- Location of element-->input
20:50:32.603 INFO  manager.ListenerWD -- Before click element -->inputtext-->
20:50:32.662 INFO  manager.ListenerWD -- After click element -->input
20:50:32.686 INFO  manager.ListenerWD -- sendKeyds-->
20:50:32.690 INFO  manager.ListenerWD -- sendKeyds_TagName-->input
20:50:32.715 INFO  manager.ListenerWD -- sendKeyds-->
20:50:32.719 INFO  manager.ListenerWD -- sendKeyds_TagName-->input
20:50:32.741 INFO  manager.ListenerWD -- sendKeyds-->
20:50:32.746 INFO  manager.ListenerWD -- sendKeyds_TagName-->input
20:50:32.770 INFO  manager.ListenerWD -- Before find element-->By.xpath: //input[@placeholder='Password']
20:50:32.784 INFO  manager.ListenerWD -- After find element-->By.xpath: //input[@placeholder='Password']
20:50:32.789 INFO  manager.ListenerWD -- Location of element-->input
20:50:32.801 INFO  manager.ListenerWD -- Before click element -->inputtext-->
20:50:32.842 INFO  manager.ListenerWD -- After click element -->input
20:50:32.864 INFO  manager.ListenerWD -- sendKeyds-->
20:50:32.869 INFO  manager.ListenerWD -- sendKeyds_TagName-->input
20:50:32.893 INFO  manager.ListenerWD -- sendKeyds-->
20:50:32.897 INFO  manager.ListenerWD -- sendKeyds_TagName-->input
20:50:32.923 INFO  manager.ListenerWD -- sendKeyds-->
20:50:32.926 INFO  manager.ListenerWD -- sendKeyds_TagName-->input
20:50:32.954 INFO  manager.ListenerWD -- Before find element-->By.xpath: //button[text()='Login']
20:50:32.968 INFO  manager.ListenerWD -- After find element-->By.xpath: //button[text()='Login']
20:50:32.972 INFO  manager.ListenerWD -- Location of element-->button
20:50:32.982 INFO  manager.ListenerWD -- Before click element -->buttontext-->Login
20:50:33.345 INFO  tests.TestBase -- Assert check is element button 'Sign out' present
20:50:33.346 INFO  manager.TestNGListener -- Success test -->loginSuccessModelDPF
20:50:33.347 INFO  tests.TestBase -- ==============================================
20:50:33.350 INFO  tests.TestBase -- Name of method (test) -->loginUnregisteredUser
20:50:33.368 INFO  manager.ListenerWD -- Before find element-->By.xpath: //button[text()='Sign Out']
20:50:33.381 INFO  manager.ListenerWD -- After find element-->By.xpath: //button[text()='Sign Out']
20:50:33.385 INFO  manager.ListenerWD -- Location of element-->button
20:50:33.395 INFO  manager.ListenerWD -- Before click element -->buttontext-->Sign Out
20:50:33.443 INFO  tests.TestBase -- Before method finished logout
20:50:33.446 INFO  manager.TestNGListener -- Start test -->loginUnregisteredUser
20:50:33.447 INFO  tests.TestBase -- Test data---> email: 'margo_m@gmail.com' & password: 'Mmar123456$'
20:50:33.448 INFO  manager.ListenerWD -- Before find element-->By.cssSelector: a[href='/login']
20:50:33.465 INFO  manager.ListenerWD -- After find element-->By.cssSelector: a[href='/login']
20:50:33.470 INFO  manager.ListenerWD -- Location of element-->a
20:50:33.483 INFO  manager.ListenerWD -- Before click element -->atext-->LOGIN
20:50:33.520 INFO  manager.ListenerWD -- After click element -->a
20:50:33.520 INFO  manager.HelperBase -- open form by click on button with locator a[href='/login']
20:50:33.520 INFO  manager.ListenerWD -- Before find element-->By.name: email
20:50:33.535 INFO  manager.ListenerWD -- After find element-->By.name: email
20:50:33.539 INFO  manager.ListenerWD -- Location of element-->input
20:50:33.549 INFO  manager.ListenerWD -- Before click element -->inputtext-->
20:50:33.605 INFO  manager.ListenerWD -- After click element -->input
20:50:33.627 INFO  manager.ListenerWD -- sendKeyds-->
20:50:33.631 INFO  manager.ListenerWD -- sendKeyds_TagName-->input
20:50:33.658 INFO  manager.ListenerWD -- sendKeyds-->
20:50:33.662 INFO  manager.ListenerWD -- sendKeyds_TagName-->input
20:50:33.687 INFO  manager.ListenerWD -- sendKeyds-->
20:50:33.692 INFO  manager.ListenerWD -- sendKeyds_TagName-->input
20:50:33.720 INFO  manager.HelperBase -- type in input with locator By.name("email") 
20:50:33.720 INFO  manager.ListenerWD -- Before find element-->By.xpath: //input[@placeholder='Password']
20:50:33.739 INFO  manager.ListenerWD -- After find element-->By.xpath: //input[@placeholder='Password']
20:50:33.742 INFO  manager.ListenerWD -- Location of element-->input
20:50:33.752 INFO  manager.ListenerWD -- Before click element -->inputtext-->
20:50:33.793 INFO  manager.ListenerWD -- After click element -->input
20:50:33.815 INFO  manager.ListenerWD -- sendKeyds-->
20:50:33.819 INFO  manager.ListenerWD -- sendKeyds_TagName-->input
20:50:33.841 INFO  manager.ListenerWD -- sendKeyds-->
20:50:33.845 INFO  manager.ListenerWD -- sendKeyds_TagName-->input
20:50:33.871 INFO  manager.ListenerWD -- sendKeyds-->
20:50:33.876 INFO  manager.ListenerWD -- sendKeyds_TagName-->input
20:50:33.907 INFO  manager.ListenerWD -- Before find element-->By.xpath: //button[text()='Login']
20:50:33.924 INFO  manager.ListenerWD -- After find element-->By.xpath: //button[text()='Login']
20:50:33.929 INFO  manager.ListenerWD -- Location of element-->button
20:50:33.938 INFO  manager.ListenerWD -- Before click element -->buttontext-->Login
20:50:34.000 INFO  manager.ListenerWD -- Huston, we have a problem!
20:50:34.000 INFO  manager.ListenerWD -- Failed method:alert
20:50:34.000 INFO  manager.ListenerWD -- ***************
20:50:34.000 INFO  manager.ListenerWD -- Arguments:null
20:50:34.000 INFO  manager.ListenerWD -- ***************
20:50:34.000 INFO  manager.ListenerWD -- Exception:NoAlertPresentException
20:50:34.000 INFO  manager.ListenerWD -- ***************
20:50:34.000 INFO  manager.ListenerWD -- Messageno such alert
  (Session info: chrome=149.0.7827.103)
Build info: version: '4.26.0', revision: '8ccf0219d7'
System info: os.name: 'Windows 11', os.arch: 'amd64', os.version: '10.0', java.version: '21.0.10'
Driver info: org.openqa.selenium.chrome.ChromeDriver
Command: [552ff3c809a045220ebc44cb2def7f46, getAlertText {}]
Capabilities {acceptInsecureCerts: false, browserName: chrome, browserVersion: 149.0.7827.103, chrome: {chromedriverVersion: 149.0.7827.55 (3188f8a607ae..., userDataDir: C:\Users\marii\AppData\Loca...}, fedcm:accounts: true, goog:chromeOptions: {debuggerAddress: localhost:56387}, goog:processID: 17384, networkConnectionEnabled: false, pageLoadStrategy: normal, platformName: windows, proxy: Proxy(), se:cdp: ws://localhost:56387/devtoo..., se:cdpVersion: 149.0.7827.103, setWindowRect: true, strictFileInteractability: false, timeouts: {implicit: 0, pageLoad: 300000, script: 30000}, unhandledPromptBehavior: dismiss and notify, webauthn:extension:credBlob: true, webauthn:extension:largeBlob: true, webauthn:extension:minPinLength: true, webauthn:extension:prf: true, webauthn:virtualAuthenticators: true}
Session ID: 552ff3c809a045220ebc44cb2def7f46
20:50:34.000 INFO  manager.ListenerWD -- ***************
20:50:34.000 INFO  manager.ListenerWD -- ***************
20:50:34.000 INFO  manager.ListenerWD -- Screen with error is--->src/test/screenshots/screen_1325.png
20:50:34.538 INFO  tests.TestBase -- Assert check is alert present with error text 'Wrong email or password'
20:50:34.540 INFO  manager.TestNGListener -- Success test -->loginUnregisteredUser
20:50:34.541 INFO  tests.TestBase -- ==============================================
20:50:34.544 INFO  tests.TestBase -- Name of method (test) -->loginWrongEmail
20:50:39.588 INFO  manager.TestNGListener -- Start test -->loginWrongEmail
20:50:39.592 INFO  tests.TestBase -- Test data---> email: 'margogmail.com' & password: 'Mmar123456$'
20:50:39.592 INFO  manager.ListenerWD -- Before find element-->By.cssSelector: a[href='/login']
20:50:39.609 INFO  manager.ListenerWD -- After find element-->By.cssSelector: a[href='/login']
20:50:39.616 INFO  manager.ListenerWD -- Location of element-->a
20:50:39.627 INFO  manager.ListenerWD -- Before click element -->atext-->LOGIN
20:50:39.677 INFO  manager.ListenerWD -- After click element -->a
20:50:39.677 INFO  manager.HelperBase -- open form by click on button with locator a[href='/login']
20:50:39.678 INFO  manager.ListenerWD -- Before find element-->By.name: email
20:50:39.692 INFO  manager.ListenerWD -- After find element-->By.name: email
20:50:39.699 INFO  manager.ListenerWD -- Location of element-->input
20:50:39.710 INFO  manager.ListenerWD -- Before click element -->inputtext-->
20:50:39.763 INFO  manager.ListenerWD -- After click element -->input
20:50:39.798 INFO  manager.ListenerWD -- sendKeyds-->
20:50:39.803 INFO  manager.ListenerWD -- sendKeyds_TagName-->input
20:50:39.858 INFO  manager.ListenerWD -- sendKeyds-->
20:50:39.865 INFO  manager.ListenerWD -- sendKeyds_TagName-->input
20:50:39.896 INFO  manager.ListenerWD -- sendKeyds-->
20:50:39.900 INFO  manager.ListenerWD -- sendKeyds_TagName-->input
20:50:39.932 INFO  manager.HelperBase -- type in input with locator By.name("email") 
20:50:39.932 INFO  manager.ListenerWD -- Before find element-->By.xpath: //input[@placeholder='Password']
20:50:39.951 INFO  manager.ListenerWD -- After find element-->By.xpath: //input[@placeholder='Password']
20:50:39.958 INFO  manager.ListenerWD -- Location of element-->input
20:50:39.972 INFO  manager.ListenerWD -- Before click element -->inputtext-->
20:50:40.023 INFO  manager.ListenerWD -- After click element -->input
20:50:40.053 INFO  manager.ListenerWD -- sendKeyds-->
20:50:40.057 INFO  manager.ListenerWD -- sendKeyds_TagName-->input
20:50:40.107 INFO  manager.ListenerWD -- sendKeyds-->
20:50:40.112 INFO  manager.ListenerWD -- sendKeyds_TagName-->input
20:50:40.146 INFO  manager.ListenerWD -- sendKeyds-->
20:50:40.151 INFO  manager.ListenerWD -- sendKeyds_TagName-->input
20:50:40.185 INFO  manager.ListenerWD -- Before find element-->By.xpath: //button[text()='Login']
20:50:40.198 INFO  manager.ListenerWD -- After find element-->By.xpath: //button[text()='Login']
20:50:40.202 INFO  manager.ListenerWD -- Location of element-->button
20:50:40.213 INFO  manager.ListenerWD -- Before click element -->buttontext-->Login
20:50:40.260 INFO  manager.ListenerWD -- Huston, we have a problem!
20:50:40.260 INFO  manager.ListenerWD -- Failed method:alert
20:50:40.260 INFO  manager.ListenerWD -- ***************
20:50:40.260 INFO  manager.ListenerWD -- Arguments:null
20:50:40.260 INFO  manager.ListenerWD -- ***************
20:50:40.260 INFO  manager.ListenerWD -- Exception:NoAlertPresentException
20:50:40.260 INFO  manager.ListenerWD -- ***************
20:50:40.260 INFO  manager.ListenerWD -- Messageno such alert
  (Session info: chrome=149.0.7827.103)
Build info: version: '4.26.0', revision: '8ccf0219d7'
System info: os.name: 'Windows 11', os.arch: 'amd64', os.version: '10.0', java.version: '21.0.10'
Driver info: org.openqa.selenium.chrome.ChromeDriver
Command: [552ff3c809a045220ebc44cb2def7f46, getAlertText {}]
Capabilities {acceptInsecureCerts: false, browserName: chrome, browserVersion: 149.0.7827.103, chrome: {chromedriverVersion: 149.0.7827.55 (3188f8a607ae..., userDataDir: C:\Users\marii\AppData\Loca...}, fedcm:accounts: true, goog:chromeOptions: {debuggerAddress: localhost:56387}, goog:processID: 17384, networkConnectionEnabled: false, pageLoadStrategy: normal, platformName: windows, proxy: Proxy(), se:cdp: ws://localhost:56387/devtoo..., se:cdpVersion: 149.0.7827.103, setWindowRect: true, strictFileInteractability: false, timeouts: {implicit: 0, pageLoad: 300000, script: 30000}, unhandledPromptBehavior: dismiss and notify, webauthn:extension:credBlob: true, webauthn:extension:largeBlob: true, webauthn:extension:minPinLength: true, webauthn:extension:prf: true, webauthn:virtualAuthenticators: true}
Session ID: 552ff3c809a045220ebc44cb2def7f46
20:50:40.260 INFO  manager.ListenerWD -- ***************
20:50:40.260 INFO  manager.ListenerWD -- ***************
20:50:40.261 INFO  manager.ListenerWD -- Screen with error is--->src/test/screenshots/screen_1417.png
20:50:40.795 INFO  tests.TestBase -- Assert check is alert present with error text 'Wrong email or password'
20:50:40.797 INFO  manager.TestNGListener -- Success test -->loginWrongEmail
20:50:40.797 INFO  tests.TestBase -- ==============================================
20:50:40.800 INFO  tests.TestBase -- Name of method (test) -->loginWrongPassword
20:50:45.807 INFO  manager.TestNGListener -- Start test -->loginWrongPassword
20:50:45.810 INFO  tests.TestBase -- Test data---> email: 'margo@gmail.com' & password: 'Mmar123'
20:50:45.810 INFO  manager.ListenerWD -- Before find element-->By.cssSelector: a[href='/login']
20:50:45.825 INFO  manager.ListenerWD -- After find element-->By.cssSelector: a[href='/login']
20:50:45.831 INFO  manager.ListenerWD -- Location of element-->a
20:50:45.842 INFO  manager.ListenerWD -- Before click element -->atext-->LOGIN
20:50:45.886 INFO  manager.ListenerWD -- After click element -->a
20:50:45.886 INFO  manager.HelperBase -- open form by click on button with locator a[href='/login']
20:50:45.887 INFO  manager.ListenerWD -- Before find element-->By.name: email
20:50:45.901 INFO  manager.ListenerWD -- After find element-->By.name: email
20:50:45.905 INFO  manager.ListenerWD -- Location of element-->input
20:50:45.915 INFO  manager.ListenerWD -- Before click element -->inputtext-->
20:50:45.957 INFO  manager.ListenerWD -- After click element -->input
20:50:45.980 INFO  manager.ListenerWD -- sendKeyds-->
20:50:45.983 INFO  manager.ListenerWD -- sendKeyds_TagName-->input
20:50:46.023 INFO  manager.ListenerWD -- sendKeyds-->
20:50:46.028 INFO  manager.ListenerWD -- sendKeyds_TagName-->input
20:50:46.049 INFO  manager.ListenerWD -- sendKeyds-->
20:50:46.053 INFO  manager.ListenerWD -- sendKeyds_TagName-->input
20:50:46.074 INFO  manager.HelperBase -- type in input with locator By.name("email") 
20:50:46.074 INFO  manager.ListenerWD -- Before find element-->By.xpath: //input[@placeholder='Password']
20:50:46.088 INFO  manager.ListenerWD -- After find element-->By.xpath: //input[@placeholder='Password']
20:50:46.092 INFO  manager.ListenerWD -- Location of element-->input
20:50:46.103 INFO  manager.ListenerWD -- Before click element -->inputtext-->
20:50:46.142 INFO  manager.ListenerWD -- After click element -->input
20:50:46.166 INFO  manager.ListenerWD -- sendKeyds-->
20:50:46.169 INFO  manager.ListenerWD -- sendKeyds_TagName-->input
20:50:46.206 INFO  manager.ListenerWD -- sendKeyds-->
20:50:46.209 INFO  manager.ListenerWD -- sendKeyds_TagName-->input
20:50:46.232 INFO  manager.ListenerWD -- sendKeyds-->
20:50:46.237 INFO  manager.ListenerWD -- sendKeyds_TagName-->input
20:50:46.255 INFO  manager.ListenerWD -- Before find element-->By.xpath: //button[text()='Login']
20:50:46.269 INFO  manager.ListenerWD -- After find element-->By.xpath: //button[text()='Login']
20:50:46.274 INFO  manager.ListenerWD -- Location of element-->button
20:50:46.283 INFO  manager.ListenerWD -- Before click element -->buttontext-->Login
20:50:46.327 INFO  manager.ListenerWD -- Huston, we have a problem!
20:50:46.327 INFO  manager.ListenerWD -- Failed method:alert
20:50:46.327 INFO  manager.ListenerWD -- ***************
20:50:46.327 INFO  manager.ListenerWD -- Arguments:null
20:50:46.327 INFO  manager.ListenerWD -- ***************
20:50:46.327 INFO  manager.ListenerWD -- Exception:NoAlertPresentException
20:50:46.327 INFO  manager.ListenerWD -- ***************
20:50:46.327 INFO  manager.ListenerWD -- Messageno such alert
  (Session info: chrome=149.0.7827.103)
Build info: version: '4.26.0', revision: '8ccf0219d7'
System info: os.name: 'Windows 11', os.arch: 'amd64', os.version: '10.0', java.version: '21.0.10'
Driver info: org.openqa.selenium.chrome.ChromeDriver
Command: [552ff3c809a045220ebc44cb2def7f46, getAlertText {}]
Capabilities {acceptInsecureCerts: false, browserName: chrome, browserVersion: 149.0.7827.103, chrome: {chromedriverVersion: 149.0.7827.55 (3188f8a607ae..., userDataDir: C:\Users\marii\AppData\Loca...}, fedcm:accounts: true, goog:chromeOptions: {debuggerAddress: localhost:56387}, goog:processID: 17384, networkConnectionEnabled: false, pageLoadStrategy: normal, platformName: windows, proxy: Proxy(), se:cdp: ws://localhost:56387/devtoo..., se:cdpVersion: 149.0.7827.103, setWindowRect: true, strictFileInteractability: false, timeouts: {implicit: 0, pageLoad: 300000, script: 30000}, unhandledPromptBehavior: dismiss and notify, webauthn:extension:credBlob: true, webauthn:extension:largeBlob: true, webauthn:extension:minPinLength: true, webauthn:extension:prf: true, webauthn:virtualAuthenticators: true}
Session ID: 552ff3c809a045220ebc44cb2def7f46
20:50:46.327 INFO  manager.ListenerWD -- ***************
20:50:46.327 INFO  manager.ListenerWD -- ***************
20:50:46.327 INFO  manager.ListenerWD -- Screen with error is--->src/test/screenshots/screen_1070.png
20:50:46.859 INFO  tests.TestBase -- Assert check is alert present with error text 'Wrong email or password'
20:50:46.861 INFO  manager.TestNGListener -- Success test -->loginWrongPassword
20:50:46.863 INFO  tests.TestBase -- ==============================================
20:50:46.866 INFO  tests.TestBase -- Name of method (test) -->registrationExistsUser
20:50:51.907 INFO  manager.TestNGListener -- Start test -->registrationExistsUser
20:50:51.910 INFO  manager.ListenerWD -- Before find element-->By.cssSelector: a[href='/login']
20:50:51.926 INFO  manager.ListenerWD -- After find element-->By.cssSelector: a[href='/login']
20:50:51.933 INFO  manager.ListenerWD -- Location of element-->a
20:50:51.947 INFO  manager.ListenerWD -- Before click element -->atext-->LOGIN
20:50:51.997 INFO  manager.ListenerWD -- After click element -->a
20:50:51.997 INFO  manager.HelperBase -- open form by click on button with locator a[href='/login']
20:50:51.997 INFO  manager.ListenerWD -- Before find element-->By.name: email
20:50:52.017 INFO  manager.ListenerWD -- After find element-->By.name: email
20:50:52.023 INFO  manager.ListenerWD -- Location of element-->input
20:50:52.036 INFO  manager.ListenerWD -- Before click element -->inputtext-->
20:50:52.080 INFO  manager.ListenerWD -- After click element -->input
20:50:52.102 INFO  manager.ListenerWD -- sendKeyds-->
20:50:52.106 INFO  manager.ListenerWD -- sendKeyds_TagName-->input
20:50:52.151 INFO  manager.ListenerWD -- sendKeyds-->
20:50:52.155 INFO  manager.ListenerWD -- sendKeyds_TagName-->input
20:50:52.181 INFO  manager.ListenerWD -- sendKeyds-->
20:50:52.185 INFO  manager.ListenerWD -- sendKeyds_TagName-->input
20:50:52.210 INFO  manager.ListenerWD -- Before find element-->By.xpath: //input[@placeholder='Password']
20:50:52.226 INFO  manager.ListenerWD -- After find element-->By.xpath: //input[@placeholder='Password']
20:50:52.231 INFO  manager.ListenerWD -- Location of element-->input
20:50:52.242 INFO  manager.ListenerWD -- Before click element -->inputtext-->
20:50:52.282 INFO  manager.ListenerWD -- After click element -->input
20:50:52.305 INFO  manager.ListenerWD -- sendKeyds-->
20:50:52.309 INFO  manager.ListenerWD -- sendKeyds_TagName-->input
20:50:52.349 INFO  manager.ListenerWD -- sendKeyds-->
20:50:52.354 INFO  manager.ListenerWD -- sendKeyds_TagName-->input
20:50:52.378 INFO  manager.ListenerWD -- sendKeyds-->
20:50:52.382 INFO  manager.ListenerWD -- sendKeyds_TagName-->input
20:50:52.404 INFO  manager.ListenerWD -- Before find element-->By.xpath: //button[text()='Registration']
20:50:52.422 INFO  manager.ListenerWD -- After find element-->By.xpath: //button[text()='Registration']
20:50:52.426 INFO  manager.ListenerWD -- Location of element-->button
20:50:52.437 INFO  manager.ListenerWD -- Before click element -->buttontext-->Registration
20:50:52.490 INFO  manager.ListenerWD -- Huston, we have a problem!
20:50:52.490 INFO  manager.ListenerWD -- Failed method:alert
20:50:52.490 INFO  manager.ListenerWD -- ***************
20:50:52.490 INFO  manager.ListenerWD -- Arguments:null
20:50:52.490 INFO  manager.ListenerWD -- ***************
20:50:52.490 INFO  manager.ListenerWD -- Exception:NoAlertPresentException
20:50:52.490 INFO  manager.ListenerWD -- ***************
20:50:52.490 INFO  manager.ListenerWD -- Messageno such alert
  (Session info: chrome=149.0.7827.103)
Build info: version: '4.26.0', revision: '8ccf0219d7'
System info: os.name: 'Windows 11', os.arch: 'amd64', os.version: '10.0', java.version: '21.0.10'
Driver info: org.openqa.selenium.chrome.ChromeDriver
Command: [552ff3c809a045220ebc44cb2def7f46, getAlertText {}]
Capabilities {acceptInsecureCerts: false, browserName: chrome, browserVersion: 149.0.7827.103, chrome: {chromedriverVersion: 149.0.7827.55 (3188f8a607ae..., userDataDir: C:\Users\marii\AppData\Loca...}, fedcm:accounts: true, goog:chromeOptions: {debuggerAddress: localhost:56387}, goog:processID: 17384, networkConnectionEnabled: false, pageLoadStrategy: normal, platformName: windows, proxy: Proxy(), se:cdp: ws://localhost:56387/devtoo..., se:cdpVersion: 149.0.7827.103, setWindowRect: true, strictFileInteractability: false, timeouts: {implicit: 0, pageLoad: 300000, script: 30000}, unhandledPromptBehavior: dismiss and notify, webauthn:extension:credBlob: true, webauthn:extension:largeBlob: true, webauthn:extension:minPinLength: true, webauthn:extension:prf: true, webauthn:virtualAuthenticators: true}
Session ID: 552ff3c809a045220ebc44cb2def7f46
20:50:52.490 INFO  manager.ListenerWD -- ***************
20:50:52.490 INFO  manager.ListenerWD -- ***************
20:50:52.490 INFO  manager.ListenerWD -- Screen with error is--->src/test/screenshots/screen_1847.png
20:50:53.025 INFO  manager.TestNGListener -- Success test -->registrationExistsUser
20:50:53.026 INFO  tests.TestBase -- ==============================================
20:50:53.029 INFO  tests.TestBase -- Name of method (test) -->registrationSuccess
20:50:58.081 INFO  manager.TestNGListener -- Start test -->registrationSuccess
20:50:58.084 INFO  manager.ListenerWD -- Before find element-->By.cssSelector: a[href='/login']
20:50:58.098 INFO  manager.ListenerWD -- After find element-->By.cssSelector: a[href='/login']
20:50:58.103 INFO  manager.ListenerWD -- Location of element-->a
20:50:58.112 INFO  manager.ListenerWD -- Before click element -->atext-->LOGIN
20:50:58.154 INFO  manager.ListenerWD -- After click element -->a
20:50:58.154 INFO  manager.HelperBase -- open form by click on button with locator a[href='/login']
20:50:58.154 INFO  manager.ListenerWD -- Before find element-->By.name: email
20:50:58.171 INFO  manager.ListenerWD -- After find element-->By.name: email
20:50:58.196 INFO  manager.ListenerWD -- Location of element-->input
20:50:58.209 INFO  manager.ListenerWD -- Before click element -->inputtext-->
20:50:58.256 INFO  manager.ListenerWD -- After click element -->input
20:50:58.281 INFO  manager.ListenerWD -- sendKeyds-->
20:50:58.284 INFO  manager.ListenerWD -- sendKeyds_TagName-->input
20:50:58.322 INFO  manager.ListenerWD -- sendKeyds-->
20:50:58.326 INFO  manager.ListenerWD -- sendKeyds_TagName-->input
20:50:58.349 INFO  manager.ListenerWD -- sendKeyds-->
20:50:58.352 INFO  manager.ListenerWD -- sendKeyds_TagName-->input
20:50:58.378 INFO  manager.ListenerWD -- Before find element-->By.xpath: //input[@placeholder='Password']
20:50:58.391 INFO  manager.ListenerWD -- After find element-->By.xpath: //input[@placeholder='Password']
20:50:58.397 INFO  manager.ListenerWD -- Location of element-->input
20:50:58.408 INFO  manager.ListenerWD -- Before click element -->inputtext-->
20:50:58.447 INFO  manager.ListenerWD -- After click element -->input
20:50:58.467 INFO  manager.ListenerWD -- sendKeyds-->
20:50:58.470 INFO  manager.ListenerWD -- sendKeyds_TagName-->input
20:50:58.506 INFO  manager.ListenerWD -- sendKeyds-->
20:50:58.510 INFO  manager.ListenerWD -- sendKeyds_TagName-->input
20:50:58.533 INFO  manager.ListenerWD -- sendKeyds-->
20:50:58.536 INFO  manager.ListenerWD -- sendKeyds_TagName-->input
20:50:58.558 INFO  manager.ListenerWD -- Before find element-->By.xpath: //button[text()='Registration']
20:50:58.572 INFO  manager.ListenerWD -- After find element-->By.xpath: //button[text()='Registration']
20:50:58.576 INFO  manager.ListenerWD -- Location of element-->button
20:50:58.586 INFO  manager.ListenerWD -- Before click element -->buttontext-->Registration
20:50:58.952 INFO  manager.ListenerWD -- Before find element-->By.cssSelector: .contact-page_message__2qafk>h1
20:50:59.153 INFO  manager.ListenerWD -- After find element-->By.cssSelector: .contact-page_message__2qafk>h1
20:50:59.157 INFO  manager.ListenerWD -- Location of element-->h1
20:50:59.166 INFO  manager.TestNGListener -- Success test -->registrationSuccess
20:50:59.167 INFO  tests.TestBase -- ==============================================
20:50:59.169 INFO  tests.TestBase -- Name of method (test) -->registrationWrongEmail
20:50:59.185 INFO  manager.ListenerWD -- Before find element-->By.xpath: //button[text()='Sign Out']
20:50:59.198 INFO  manager.ListenerWD -- After find element-->By.xpath: //button[text()='Sign Out']
20:50:59.202 INFO  manager.ListenerWD -- Location of element-->button
20:50:59.214 INFO  manager.ListenerWD -- Before click element -->buttontext-->Sign Out
20:50:59.255 INFO  manager.TestNGListener -- Start test -->registrationWrongEmail
20:50:59.255 INFO  manager.ListenerWD -- Before find element-->By.cssSelector: a[href='/login']
20:50:59.270 INFO  manager.ListenerWD -- After find element-->By.cssSelector: a[href='/login']
20:50:59.275 INFO  manager.ListenerWD -- Location of element-->a
20:50:59.285 INFO  manager.ListenerWD -- Before click element -->atext-->LOGIN
20:50:59.322 INFO  manager.ListenerWD -- After click element -->a
20:50:59.322 INFO  manager.HelperBase -- open form by click on button with locator a[href='/login']
20:50:59.323 INFO  manager.ListenerWD -- Before find element-->By.name: email
20:50:59.334 INFO  manager.ListenerWD -- After find element-->By.name: email
20:50:59.339 INFO  manager.ListenerWD -- Location of element-->input
20:50:59.350 INFO  manager.ListenerWD -- Before click element -->inputtext-->
20:50:59.407 INFO  manager.ListenerWD -- After click element -->input
20:50:59.432 INFO  manager.ListenerWD -- sendKeyds-->
20:50:59.436 INFO  manager.ListenerWD -- sendKeyds_TagName-->input
20:50:59.463 INFO  manager.ListenerWD -- sendKeyds-->
20:50:59.467 INFO  manager.ListenerWD -- sendKeyds_TagName-->input
20:50:59.496 INFO  manager.ListenerWD -- sendKeyds-->
20:50:59.501 INFO  manager.ListenerWD -- sendKeyds_TagName-->input
20:50:59.526 INFO  manager.ListenerWD -- Before find element-->By.xpath: //input[@placeholder='Password']
20:50:59.539 INFO  manager.ListenerWD -- After find element-->By.xpath: //input[@placeholder='Password']
20:50:59.544 INFO  manager.ListenerWD -- Location of element-->input
20:50:59.553 INFO  manager.ListenerWD -- Before click element -->inputtext-->
20:50:59.591 INFO  manager.ListenerWD -- After click element -->input
20:50:59.612 INFO  manager.ListenerWD -- sendKeyds-->
20:50:59.616 INFO  manager.ListenerWD -- sendKeyds_TagName-->input
20:50:59.641 INFO  manager.ListenerWD -- sendKeyds-->
20:50:59.646 INFO  manager.ListenerWD -- sendKeyds_TagName-->input
20:50:59.668 INFO  manager.ListenerWD -- sendKeyds-->
20:50:59.672 INFO  manager.ListenerWD -- sendKeyds_TagName-->input
20:50:59.691 INFO  manager.ListenerWD -- Before find element-->By.xpath: //button[text()='Registration']
20:50:59.709 INFO  manager.ListenerWD -- After find element-->By.xpath: //button[text()='Registration']
20:50:59.713 INFO  manager.ListenerWD -- Location of element-->button
20:50:59.725 INFO  manager.ListenerWD -- Before click element -->buttontext-->Registration
20:50:59.778 INFO  manager.ListenerWD -- Huston, we have a problem!
20:50:59.779 INFO  manager.ListenerWD -- Failed method:alert
20:50:59.779 INFO  manager.ListenerWD -- ***************
20:50:59.779 INFO  manager.ListenerWD -- Arguments:null
20:50:59.779 INFO  manager.ListenerWD -- ***************
20:50:59.779 INFO  manager.ListenerWD -- Exception:NoAlertPresentException
20:50:59.779 INFO  manager.ListenerWD -- ***************
20:50:59.779 INFO  manager.ListenerWD -- Messageno such alert
  (Session info: chrome=149.0.7827.103)
Build info: version: '4.26.0', revision: '8ccf0219d7'
System info: os.name: 'Windows 11', os.arch: 'amd64', os.version: '10.0', java.version: '21.0.10'
Driver info: org.openqa.selenium.chrome.ChromeDriver
Command: [552ff3c809a045220ebc44cb2def7f46, getAlertText {}]
Capabilities {acceptInsecureCerts: false, browserName: chrome, browserVersion: 149.0.7827.103, chrome: {chromedriverVersion: 149.0.7827.55 (3188f8a607ae..., userDataDir: C:\Users\marii\AppData\Loca...}, fedcm:accounts: true, goog:chromeOptions: {debuggerAddress: localhost:56387}, goog:processID: 17384, networkConnectionEnabled: false, pageLoadStrategy: normal, platformName: windows, proxy: Proxy(), se:cdp: ws://localhost:56387/devtoo..., se:cdpVersion: 149.0.7827.103, setWindowRect: true, strictFileInteractability: false, timeouts: {implicit: 0, pageLoad: 300000, script: 30000}, unhandledPromptBehavior: dismiss and notify, webauthn:extension:credBlob: true, webauthn:extension:largeBlob: true, webauthn:extension:minPinLength: true, webauthn:extension:prf: true, webauthn:virtualAuthenticators: true}
Session ID: 552ff3c809a045220ebc44cb2def7f46
20:50:59.779 INFO  manager.ListenerWD -- ***************
20:50:59.779 INFO  manager.ListenerWD -- ***************
20:50:59.779 INFO  manager.ListenerWD -- Screen with error is--->src/test/screenshots/screen_1809.png
20:51:00.316 INFO  manager.TestNGListener -- Success test -->registrationWrongEmail
20:51:00.317 INFO  tests.TestBase -- ==============================================
20:51:00.318 INFO  tests.TestBase -- Name of method (test) -->registrationWrongPassword
20:51:05.361 INFO  manager.TestNGListener -- Start test -->registrationWrongPassword
20:51:05.364 INFO  manager.ListenerWD -- Before find element-->By.cssSelector: a[href='/login']
20:51:05.383 INFO  manager.ListenerWD -- After find element-->By.cssSelector: a[href='/login']
20:51:05.389 INFO  manager.ListenerWD -- Location of element-->a
20:51:05.399 INFO  manager.ListenerWD -- Before click element -->atext-->LOGIN
20:51:05.442 INFO  manager.ListenerWD -- After click element -->a
20:51:05.444 INFO  manager.HelperBase -- open form by click on button with locator a[href='/login']
20:51:05.444 INFO  manager.ListenerWD -- Before find element-->By.name: email
20:51:05.460 INFO  manager.ListenerWD -- After find element-->By.name: email
20:51:05.466 INFO  manager.ListenerWD -- Location of element-->input
20:51:05.476 INFO  manager.ListenerWD -- Before click element -->inputtext-->
20:51:05.528 INFO  manager.ListenerWD -- After click element -->input
20:51:05.550 INFO  manager.ListenerWD -- sendKeyds-->
20:51:05.553 INFO  manager.ListenerWD -- sendKeyds_TagName-->input
20:51:05.590 INFO  manager.ListenerWD -- sendKeyds-->
20:51:05.597 INFO  manager.ListenerWD -- sendKeyds_TagName-->input
20:51:05.626 INFO  manager.ListenerWD -- sendKeyds-->
20:51:05.630 INFO  manager.ListenerWD -- sendKeyds_TagName-->input
20:51:05.653 INFO  manager.ListenerWD -- Before find element-->By.xpath: //input[@placeholder='Password']
20:51:05.667 INFO  manager.ListenerWD -- After find element-->By.xpath: //input[@placeholder='Password']
20:51:05.670 INFO  manager.ListenerWD -- Location of element-->input
20:51:05.680 INFO  manager.ListenerWD -- Before click element -->inputtext-->
20:51:05.720 INFO  manager.ListenerWD -- After click element -->input
20:51:05.743 INFO  manager.ListenerWD -- sendKeyds-->
20:51:05.747 INFO  manager.ListenerWD -- sendKeyds_TagName-->input
20:51:05.784 INFO  manager.ListenerWD -- sendKeyds-->
20:51:05.787 INFO  manager.ListenerWD -- sendKeyds_TagName-->input
20:51:05.812 INFO  manager.ListenerWD -- sendKeyds-->
20:51:05.816 INFO  manager.ListenerWD -- sendKeyds_TagName-->input
20:51:05.839 INFO  manager.ListenerWD -- Before find element-->By.xpath: //button[text()='Registration']
20:51:05.852 INFO  manager.ListenerWD -- After find element-->By.xpath: //button[text()='Registration']
20:51:05.857 INFO  manager.ListenerWD -- Location of element-->button
20:51:05.869 INFO  manager.ListenerWD -- Before click element -->buttontext-->Registration
20:51:05.926 INFO  manager.ListenerWD -- Huston, we have a problem!
20:51:05.926 INFO  manager.ListenerWD -- Failed method:alert
20:51:05.926 INFO  manager.ListenerWD -- ***************
20:51:05.926 INFO  manager.ListenerWD -- Arguments:null
20:51:05.926 INFO  manager.ListenerWD -- ***************
20:51:05.926 INFO  manager.ListenerWD -- Exception:NoAlertPresentException
20:51:05.926 INFO  manager.ListenerWD -- ***************
20:51:05.926 INFO  manager.ListenerWD -- Messageno such alert
  (Session info: chrome=149.0.7827.103)
Build info: version: '4.26.0', revision: '8ccf0219d7'
System info: os.name: 'Windows 11', os.arch: 'amd64', os.version: '10.0', java.version: '21.0.10'
Driver info: org.openqa.selenium.chrome.ChromeDriver
Command: [552ff3c809a045220ebc44cb2def7f46, getAlertText {}]
Capabilities {acceptInsecureCerts: false, browserName: chrome, browserVersion: 149.0.7827.103, chrome: {chromedriverVersion: 149.0.7827.55 (3188f8a607ae..., userDataDir: C:\Users\marii\AppData\Loca...}, fedcm:accounts: true, goog:chromeOptions: {debuggerAddress: localhost:56387}, goog:processID: 17384, networkConnectionEnabled: false, pageLoadStrategy: normal, platformName: windows, proxy: Proxy(), se:cdp: ws://localhost:56387/devtoo..., se:cdpVersion: 149.0.7827.103, setWindowRect: true, strictFileInteractability: false, timeouts: {implicit: 0, pageLoad: 300000, script: 30000}, unhandledPromptBehavior: dismiss and notify, webauthn:extension:credBlob: true, webauthn:extension:largeBlob: true, webauthn:extension:minPinLength: true, webauthn:extension:prf: true, webauthn:virtualAuthenticators: true}
Session ID: 552ff3c809a045220ebc44cb2def7f46
20:51:05.926 INFO  manager.ListenerWD -- ***************
20:51:05.926 INFO  manager.ListenerWD -- ***************
20:51:05.926 INFO  manager.ListenerWD -- Screen with error is--->src/test/screenshots/screen_1438.png
20:51:06.470 INFO  manager.TestNGListener -- Success test -->registrationWrongPassword
20:51:06.472 INFO  tests.TestBase -- ==============================================
20:51:06.475 INFO  tests.TestBase -- Name of method (test) -->removeAllContacts
20:51:11.516 INFO  manager.ListenerWD -- Before find element-->By.cssSelector: a[href='/login']
20:51:11.554 INFO  manager.ListenerWD -- After find element-->By.cssSelector: a[href='/login']
20:51:11.565 INFO  manager.ListenerWD -- Location of element-->a
20:51:11.579 INFO  manager.ListenerWD -- Before click element -->atext-->LOGIN
20:51:11.631 INFO  manager.ListenerWD -- After click element -->a
20:51:11.632 INFO  manager.HelperBase -- open form by click on button with locator a[href='/login']
20:51:11.632 INFO  manager.ListenerWD -- Before find element-->By.name: email
20:51:11.648 INFO  manager.ListenerWD -- After find element-->By.name: email
20:51:11.653 INFO  manager.ListenerWD -- Location of element-->input
20:51:11.665 INFO  manager.ListenerWD -- Before click element -->inputtext-->
20:51:11.718 INFO  manager.ListenerWD -- After click element -->input
20:51:11.744 INFO  manager.ListenerWD -- sendKeyds-->
20:51:11.749 INFO  manager.ListenerWD -- sendKeyds_TagName-->input
20:51:11.790 INFO  manager.ListenerWD -- sendKeyds-->
20:51:11.796 INFO  manager.ListenerWD -- sendKeyds_TagName-->input
20:51:11.818 INFO  manager.ListenerWD -- sendKeyds-->
20:51:11.822 INFO  manager.ListenerWD -- sendKeyds_TagName-->input
20:51:11.848 INFO  manager.ListenerWD -- Before find element-->By.xpath: //input[@placeholder='Password']
20:51:11.860 INFO  manager.ListenerWD -- After find element-->By.xpath: //input[@placeholder='Password']
20:51:11.866 INFO  manager.ListenerWD -- Location of element-->input
20:51:11.875 INFO  manager.ListenerWD -- Before click element -->inputtext-->
20:51:11.924 INFO  manager.ListenerWD -- After click element -->input
20:51:11.952 INFO  manager.ListenerWD -- sendKeyds-->
20:51:11.957 INFO  manager.ListenerWD -- sendKeyds_TagName-->input
20:51:12.008 INFO  manager.ListenerWD -- sendKeyds-->
20:51:12.014 INFO  manager.ListenerWD -- sendKeyds_TagName-->input
20:51:12.043 INFO  manager.ListenerWD -- sendKeyds-->
20:51:12.046 INFO  manager.ListenerWD -- sendKeyds_TagName-->input
20:51:12.068 INFO  manager.ListenerWD -- Before find element-->By.xpath: //button[text()='Login']
20:51:12.081 INFO  manager.ListenerWD -- After find element-->By.xpath: //button[text()='Login']
20:51:12.086 INFO  manager.ListenerWD -- Location of element-->button
20:51:12.096 INFO  manager.ListenerWD -- Before click element -->buttontext-->Login
20:51:12.605 INFO  manager.ListenerWD -- Before find element-->By.cssSelector: [placeholder='Name']
20:51:17.668 INFO  manager.ListenerWD -- Huston, we have a problem!
20:51:17.669 INFO  manager.ListenerWD -- Failed method:findElement
20:51:17.669 INFO  manager.ListenerWD -- ***************
20:51:17.669 INFO  manager.ListenerWD -- Arguments:[By.cssSelector: [placeholder='Name']]
20:51:17.669 INFO  manager.ListenerWD -- ***************
20:51:17.669 INFO  manager.ListenerWD -- Exception:NoSuchElementException
20:51:17.669 INFO  manager.ListenerWD -- ***************
20:51:17.670 INFO  manager.ListenerWD -- Messageno such element: Unable to locate element: {"method":"css selector","selector":"[placeholder='Name']"}
  (Session info: chrome=149.0.7827.103)
For documentation on this error, please visit: https://www.selenium.dev/documentation/webdriver/troubleshooting/errors#no-such-element-exception
Build info: version: '4.26.0', revision: '8ccf0219d7'
System info: os.name: 'Windows 11', os.arch: 'amd64', os.version: '10.0', java.version: '21.0.10'
Driver info: org.openqa.selenium.chrome.ChromeDriver
Command: [552ff3c809a045220ebc44cb2def7f46, findElement {value=[placeholder='Name'], using=css selector}]
Capabilities {acceptInsecureCerts: false, browserName: chrome, browserVersion: 149.0.7827.103, chrome: {chromedriverVersion: 149.0.7827.55 (3188f8a607ae..., userDataDir: C:\Users\marii\AppData\Loca...}, fedcm:accounts: true, goog:chromeOptions: {debuggerAddress: localhost:56387}, goog:processID: 17384, networkConnectionEnabled: false, pageLoadStrategy: normal, platformName: windows, proxy: Proxy(), se:cdp: ws://localhost:56387/devtoo..., se:cdpVersion: 149.0.7827.103, setWindowRect: true, strictFileInteractability: false, timeouts: {implicit: 0, pageLoad: 300000, script: 30000}, unhandledPromptBehavior: dismiss and notify, webauthn:extension:credBlob: true, webauthn:extension:largeBlob: true, webauthn:extension:minPinLength: true, webauthn:extension:prf: true, webauthn:virtualAuthenticators: true}
Session ID: 552ff3c809a045220ebc44cb2def7f46
20:51:17.670 INFO  manager.ListenerWD -- ***************
20:51:17.670 INFO  manager.ListenerWD -- ***************
20:51:17.670 INFO  manager.ListenerWD -- Screen with error is--->src/test/screenshots/screen_1140.png
20:51:17.889 INFO  manager.TestNGListener -- Start test -->removeAllContacts
20:51:17.893 INFO  manager.TestNGListener -- Skipped test -->null
20:51:17.894 INFO  tests.TestBase -- ==============================================
20:51:17.897 INFO  tests.TestBase -- Name of method (test) -->removeFirstContact
20:51:17.947 INFO  manager.ListenerWD -- Before find element-->By.cssSelector: [placeholder='Name']
20:51:23.008 INFO  manager.ListenerWD -- Huston, we have a problem!
20:51:23.008 INFO  manager.ListenerWD -- Failed method:findElement
20:51:23.008 INFO  manager.ListenerWD -- ***************
20:51:23.008 INFO  manager.ListenerWD -- Arguments:[By.cssSelector: [placeholder='Name']]
20:51:23.008 INFO  manager.ListenerWD -- ***************
20:51:23.008 INFO  manager.ListenerWD -- Exception:NoSuchElementException
20:51:23.008 INFO  manager.ListenerWD -- ***************
20:51:23.008 INFO  manager.ListenerWD -- Messageno such element: Unable to locate element: {"method":"css selector","selector":"[placeholder='Name']"}
  (Session info: chrome=149.0.7827.103)
For documentation on this error, please visit: https://www.selenium.dev/documentation/webdriver/troubleshooting/errors#no-such-element-exception
Build info: version: '4.26.0', revision: '8ccf0219d7'
System info: os.name: 'Windows 11', os.arch: 'amd64', os.version: '10.0', java.version: '21.0.10'
Driver info: org.openqa.selenium.chrome.ChromeDriver
Command: [552ff3c809a045220ebc44cb2def7f46, findElement {value=[placeholder='Name'], using=css selector}]
Capabilities {acceptInsecureCerts: false, browserName: chrome, browserVersion: 149.0.7827.103, chrome: {chromedriverVersion: 149.0.7827.55 (3188f8a607ae..., userDataDir: C:\Users\marii\AppData\Loca...}, fedcm:accounts: true, goog:chromeOptions: {debuggerAddress: localhost:56387}, goog:processID: 17384, networkConnectionEnabled: false, pageLoadStrategy: normal, platformName: windows, proxy: Proxy(), se:cdp: ws://localhost:56387/devtoo..., se:cdpVersion: 149.0.7827.103, setWindowRect: true, strictFileInteractability: false, timeouts: {implicit: 0, pageLoad: 300000, script: 30000}, unhandledPromptBehavior: dismiss and notify, webauthn:extension:credBlob: true, webauthn:extension:largeBlob: true, webauthn:extension:minPinLength: true, webauthn:extension:prf: true, webauthn:virtualAuthenticators: true}
Session ID: 552ff3c809a045220ebc44cb2def7f46
20:51:23.008 INFO  manager.ListenerWD -- ***************
20:51:23.008 INFO  manager.ListenerWD -- ***************
20:51:23.008 INFO  manager.ListenerWD -- Screen with error is--->src/test/screenshots/screen_1538.png
20:51:23.181 INFO  manager.TestNGListener -- Start test -->removeFirstContact
20:51:23.183 INFO  manager.TestNGListener -- Skipped test -->null
20:51:23.183 INFO  tests.TestBase -- ==============================================
20:51:23.194 INFO  manager.TestNGListener -- Stop testing on date -->Thu Jun 11 20:51:23 IDT 2026
